Date, Time, Latitude, Longitude, Altitude, Speed, Course, Type, Distance, Essential
2014/08/07, 00:23:32, -41.410542, -71.570107, 986.07,  324.00, 53, -2, 0.00, 1
2014/08/07, 01:19:52, -41.410622, -71.570076, 988.60,  0.00, 337, 0, 9.26, 1
2014/08/07, 01:49:58, -41.410530, -71.570168, 993.03,  324.00, 155, 0, 12.79, 1
2014/08/07, 02:20:13, -41.410267, -71.570076, 1031.20,  1152.00, 266, 0, 30.23, 1
2014/08/07, 03:02:03, -41.410656, -71.570068, 982.06,  576.00, 132, 0, 43.26, 1
2014/08/07, 03:51:01, -41.410572, -71.570023, 977.03,  648.00, 217, 0, 10.07, 1
2014/08/07, 04:21:04, -41.410580, -71.570091, 980.84,  540.00, 206, 0, 5.74, 1
2014/08/07, 04:51:11, -41.410629, -71.570068, 986.44,  360.00, 279, 0, 5.78, 1
2014/08/07, 05:21:59, -41.410641, -71.570076, 984.86,  648.00, 166, 0, 1.49, 1
2014/08/07, 05:57:55, -41.410671, -71.570091, 959.53,  540.00, 29, 0, 3.56, 1
2014/08/07, 06:37:28, -41.410534, -71.570190, 978.31,  684.00, 278, 0, 17.33, 1
2014/08/07, 07:07:31, -41.410591, -71.570129, 992.10,  864.00, 113, 0, 8.13, 1
2014/08/07, 07:37:59, -41.410622, -71.570145, 984.09,  180.00, 289, 0, 3.70, 1
2014/08/07, 08:13:31, -41.410572, -71.570076, 991.39,  360.00, 75, 0, 8.00, 1
2014/08/07, 08:43:29, -41.410412, -71.569557, 982.08,  0.00, 2, 0, 46.80, 1
2014/08/07, 09:13:40, -41.410362, -71.569290, 975.60,  1404.00, 85, 0, 22.95, 1
2014/08/07, 09:43:57, -41.411480, -71.568726, 993.72,  2304.00, 150, 0, 132.92, 1
2014/08/07, 10:14:32, -41.412899, -71.568054, 995.04,  216.00, 93, 0, 167.44, 1
2014/08/07, 10:45:26, -41.413074, -71.573029, 1147.05,  1224.00, 98, 0, 415.33, 1
2014/08/07, 11:22:22, -41.416622, -71.571075, 1002.86,  1728.00, 190, 0, 426.84, 1
2014/08/07, 12:10:27, -41.419567, -71.569855, 984.21,  0.00, 167, 0, 342.91, 1
2014/08/07, 12:41:34, -41.419823, -71.570145, 981.71,  0.00, 80, 0, 37.35, 1
2014/08/07, 13:12:50, -41.419754, -71.570168, 984.42,  0.00, 69, 0, 7.91, 1
2014/08/07, 13:45:03, -41.419651, -71.569443, 984.55,  1800.00, 23, 0, 61.53, 1
2014/08/07, 14:41:58, -41.420406, -71.569122, 990.17,  72.00, 356, 0, 88.12, 1
2014/08/07, 15:52:11, -41.419430, -71.568146, 985.24,  0.00, 71, 0, 135.65, 1
2014/08/07, 16:23:14, -41.419529, -71.569534, 980.48,  720.00, 9, 0, 116.26, 1
2014/08/07, 16:54:14, -41.418751, -71.569984, 980.42,  2556.00, 21, 0, 94.30, 1
2014/08/07, 17:27:33, -41.418400, -71.569855, 1052.40,  360.00, 310, 0, 40.48, 1
2014/08/07, 17:58:41, -41.418545, -71.568703, 983.00,  1224.00, 140, 0, 97.40, 1
2014/08/07, 18:29:55, -41.417774, -71.568047, 1010.32,  468.00, 44, 0, 101.70, 1
2014/08/07, 19:00:59, -41.417347, -71.567947, 994.56,  0.00, 177, 0, 48.21, 1
2014/08/07, 19:32:14, -41.418594, -71.568115, 979.11,  396.00, 234, 0, 139.37, 1
2014/08/07, 20:20:30, -41.418484, -71.568222, 979.95,  1152.00, 272, 0, 15.14, 1
2014/08/07, 21:25:35, -41.418598, -71.568062, 977.22,  324.00, 307, 0, 18.40, 1
2014/08/07, 22:29:59, -41.418522, -71.567787, 1024.35,  1548.00, 248, 0, 24.44, 1
2014/08/07, 23:00:25, -41.418446, -71.568214, 1038.97,  648.00, 191, 0, 36.59, 1
2014/08/07, 23:42:05, -41.418762, -71.568108, 972.18,  468.00, 336, -4, 36.23, 1
2014/08/08, 00:30:29, -41.418770, -71.568039, 996.30,  288.00, 232, -2, 0.00, 1
2014/08/08, 01:00:26, -41.418621, -71.568016, 1000.60,  468.00, 50, 0, 16.68, 1
2014/08/08, 01:30:35, -41.418457, -71.567894, 1039.09,  216.00, 35, 0, 20.88, 1
2014/08/08, 02:00:47, -41.419018, -71.568687, 898.81,  2520.00, 84, 0, 90.90, 1
2014/08/08, 02:31:33, -41.418674, -71.567986, 986.39,  360.00, 129, 0, 69.86, 1
2014/08/08, 03:18:22, -41.418842, -71.567932, 886.33,  108.00, 42, 0, 19.22, 1
2014/08/08, 04:06:49, -41.418629, -71.567993, 978.73,  504.00, 36, 0, 24.22, 1
2014/08/08, 04:36:43, -41.418709, -71.568100, 995.34,  612.00, 112, 0, 12.60, 1
2014/08/08, 05:07:22, -41.418495, -71.568253, 1027.03,  324.00, 137, 0, 27.00, 1
2014/08/08, 05:56:00, -41.418667, -71.568100, 976.07,  288.00, 115, 0, 22.99, 1
2014/08/08, 06:25:52, -41.418648, -71.568054, 965.95,  252.00, 169, 0, 4.38, 1
2014/08/08, 06:55:43, -41.418682, -71.568008, 972.36,  324.00, 115, 0, 5.39, 1
2014/08/08, 07:25:32, -41.418953, -71.567749, 1060.63,  324.00, 191, 0, 37.07, 1
2014/08/08, 07:55:33, -41.418640, -71.568001, 992.58,  972.00, 352, 0, 40.66, 1
2014/08/08, 08:28:50, -41.418663, -71.568039, 1014.85,  108.00, 207, 0, 4.07, 1
2014/08/08, 08:58:29, -41.418430, -71.568756, 983.86,  144.00, 118, 0, 65.16, 1
2014/08/08, 09:28:17, -41.418400, -71.569519, 998.18,  720.00, 125, 0, 63.71, 1
2014/08/08, 09:58:23, -41.418636, -71.570351, 952.63,  1980.00, 123, 0, 74.17, 1
2014/08/08, 10:29:02, -41.418716, -71.570595, 1001.01,  324.00, 218, 0, 22.21, 1
2014/08/08, 10:59:28, -41.418530, -71.571495, 1012.11,  360.00, 145, 0, 77.84, 1
2014/08/08, 11:30:28, -41.417545, -71.571426, 999.41,  648.00, 261, 0, 109.68, 1
2014/08/08, 12:03:08, -41.416046, -71.571945, 1021.12,  1188.00, 313, 0, 172.21, 1
2014/08/08, 12:34:02, -41.415443, -71.572853, 998.20,  144.00, 340, 0, 101.14, 1
2014/08/08, 13:05:28, -41.416309, -71.572739, 1004.60,  288.00, 13, 0, 96.76, 1
2014/08/08, 13:42:18, -41.417072, -71.573357, 1013.09,  0.00, 295, 0, 99.27, 1
2014/08/08, 14:13:30, -41.416710, -71.573776, 1036.87,  0.00, 4, 0, 53.30, 1
2014/08/08, 14:44:55, -41.416645, -71.573746, 1032.13,  540.00, 194, 0, 7.65, 1
2014/08/08, 15:16:35, -41.415848, -71.573982, 1026.25,  1044.00, 249, 0, 90.78, 1
2014/08/08, 15:52:27, -41.415161, -71.574074, 1011.81,  288.00, 182, 0, 76.78, 1
2014/08/08, 16:43:35, -41.413376, -71.573479, 1081.02,  540.00, 30, 0, 204.59, 1
2014/08/08, 17:15:46, -41.413570, -71.573082, 1036.87,  1944.00, 122, 0, 39.51, 1
2014/08/08, 18:01:11, -41.416454, -71.585587, -41.02,  1620.00, 262, 0, 1090.98, 1
2014/08/08, 18:50:32, -41.410816, -71.574631, 987.87,  612.00, 213, 0, 1108.04, 1
2014/08/08, 19:52:10, -41.410725, -71.574631, 992.31,  612.00, 335, 0, 10.12, 1
2014/08/08, 20:33:39, -41.410992, -71.574913, 994.46,  2880.00, 313, 0, 37.87, 1
2014/08/08, 21:05:16, -41.411201, -71.573898, 1012.21,  936.00, 355, 0, 87.78, 1
2014/08/08, 21:36:56, -41.410934, -71.572334, 989.72,  3492.00, 82, 0, 133.77, 1
2014/08/08, 22:21:42, -41.412300, -71.575356, 1047.38,  468.00, 42, 0, 294.25, 1
2014/08/08, 22:52:09, -41.412708, -71.575485, 1065.86,  720.00, 265, 0, 46.63, 1
2014/08/08, 23:22:58, -41.412975, -71.575348, 1020.20,  1260.00, 304, 0, 31.81, 1
2014/08/08, 23:53:11, -41.412952, -71.575394, 1033.19,  576.00, 254, -4, 4.61, 1
2014/08/09, 00:23:35, -41.412849, -71.575394, 1031.34,  288.00, 322, -2, 0.00, 1
2014/08/09, 01:09:06, -41.412781, -71.575439, 1034.44,  1260.00, 186, 0, 8.44, 1
2014/08/09, 01:58:34, -41.412884, -71.575302, 1018.71,  1728.00, 65, 0, 16.18, 1
2014/08/09, 02:48:06, -41.412922, -71.575363, 1019.70,  0.00, 77, 0, 6.61, 1
2014/08/09, 03:39:24, -41.412868, -71.575394, 1027.98,  288.00, 15, 0, 6.54, 1
2014/08/09, 04:09:44, -41.412914, -71.575363, 1021.96,  252.00, 39, 0, 5.73, 1
2014/08/09, 04:40:13, -41.412762, -71.575264, 1036.52,  684.00, 7, 0, 18.81, 1
2014/08/09, 05:13:04, -41.412914, -71.575340, 1004.36,  540.00, 36, 0, 18.05, 1
2014/08/09, 05:56:42, -41.412884, -71.575348, 1023.67,  468.00, 330, 0, 3.40, 1
2014/08/09, 06:27:10, -41.412941, -71.575333, 990.30,  360.00, 75, 0, 6.46, 1
2014/08/09, 06:57:38, -41.412868, -71.575462, 1057.86,  252.00, 101, 0, 13.48, 1
2014/08/09, 07:27:58, -41.412785, -71.575294, 1027.29,  0.00, 37, 0, 16.78, 1
2014/08/09, 07:58:33, -41.412884, -71.575325, 1012.98,  864.00, 325, 0, 11.31, 1
2014/08/09, 08:28:36, -41.412693, -71.575317, 1017.72,  792.00, 304, 0, 21.25, 1
2014/08/09, 08:58:48, -41.412548, -71.575226, 1025.29,  1476.00, 353, 0, 17.82, 1
2014/08/09, 09:29:25, -41.412197, -71.574638, 1014.22,  324.00, 129, 0, 62.67, 1
2014/08/09, 10:00:26, -41.412464, -71.573799, 1028.17,  1692.00, 26, 0, 76.00, 1
2014/08/09, 10:31:38, -41.412941, -71.574387, 979.51,  4572.00, 85, 0, 72.23, 1
2014/08/09, 11:16:56, -41.411804, -71.564476, 2171.94,  612.00, 7, 0, 836.12, 1
2014/08/09, 11:47:59, -41.408993, -71.562813, 2048.71,  1296.00, 18, 0, 341.95, 1
2014/08/09, 12:19:03, -41.411842, -71.571854, 1008.45,  1512.00, 350, 0, 817.83, 1
2014/08/09, 13:25:52, -41.409672, -71.570351, 974.66,  1044.00, 339, 0, 271.91, 1
2014/08/09, 14:34:38, -41.408051, -71.571136, 971.83,  1080.00, 248, 0, 191.77, 1
2014/08/09, 15:04:53, -41.406162, -71.570335, 985.18,  900.00, 290, 0, 220.41, 1
2014/08/09, 15:35:19, -41.406132, -71.570442, 932.24,  1080.00, 109, 0, 9.53, 1
2014/08/09, 16:06:04, -41.406265, -71.570084, 964.76,  216.00, 203, 0, 33.32, 1
2014/08/09, 17:05:44, -41.407024, -71.568863, 958.92,  828.00, 347, 0, 132.26, 1
2014/08/09, 17:44:30, -41.407238, -71.569115, 927.57,  720.00, 316, 0, 31.75, 1
2014/08/09, 18:50:15, -41.407143, -71.570198, 951.88,  1260.00, 28, 0, 90.94, 1
2014/08/09, 19:24:34, -41.407143, -71.570198, 951.88,  1260.00, 28, 0, 0.00, 1
2014/08/09, 19:55:22, -41.408268, -71.570496, 988.32,  756.00, 178, 0, 127.54, 1
2014/08/09, 21:01:20, -41.409042, -71.570229, 966.27,  1476.00, 349, 0, 88.90, 1
2014/08/09, 21:31:30, -41.409126, -71.570221, 983.90,  504.00, 9, 0, 9.36, 1
2014/08/09, 22:02:02, -41.409126, -71.570282, 990.44,  1296.00, 265, 0, 5.09, 1
2014/08/09, 22:38:50, -41.409096, -71.570229, 970.07,  0.00, 173, 0, 5.54, 1
2014/08/09, 23:09:23, -41.409050, -71.570183, 982.67,  108.00, 347, 0, 6.39, 1
2014/08/09, 23:39:25, -41.409298, -71.570107, 943.69,  0.00, 163, -4, 28.30, 1
2014/08/10, 00:09:26, -41.409153, -71.570114, 976.43,  504.00, 206, -2, 0.00, 1
2014/08/10, 00:39:24, -41.409157, -71.570114, 971.46,  396.00, 159, 0, 0.44, 1
2014/08/10, 01:10:41, -41.410202, -71.569328, 990.61,  324.00, 202, 0, 133.41, 1
2014/08/10, 02:16:27, -41.410496, -71.568924, 971.69,  180.00, 163, 0, 46.95, 1
2014/08/10, 02:47:34, -41.410751, -71.570145, 984.99,  684.00, 324, 0, 105.70, 1
2014/08/10, 03:18:06, -41.409100, -71.570038, 887.20,  324.00, 324, 0, 183.80, 1
2014/08/10, 03:48:00, -41.409286, -71.570099, 958.56,  4644.00, 320, 0, 21.30, 1
2014/08/10, 04:17:53, -41.409130, -71.570107, 965.97,  360.00, 179, 0, 17.36, 1
2014/08/10, 05:18:50, -41.409233, -71.570168, 964.03,  324.00, 126, 0, 12.53, 1
2014/08/10, 05:48:36, -41.409172, -71.570213, 1001.30,  504.00, 38, 0, 7.75, 1
2014/08/10, 06:18:20, -41.409264, -71.570183, 984.43,  0.00, 188, 0, 10.53, 1
2014/08/10, 06:48:07, -41.409115, -71.570168, 973.61,  216.00, 354, 0, 16.62, 1
2014/08/10, 07:17:52, -41.409344, -71.570313, 930.29,  0.00, 141, 0, 28.19, 1
2014/08/10, 07:47:54, -41.409237, -71.570457, 958.06,  432.00, 40, 0, 16.90, 1
2014/08/10, 08:21:34, -41.409111, -71.570190, 970.81,  576.00, 289, 0, 26.31, 1
2014/08/10, 09:02:22, -41.409081, -71.570251, 969.48,  468.00, 53, 0, 6.08, 1
2014/08/10, 09:32:03, -41.409077, -71.570305, 969.19,  0.00, 293, 0, 4.53, 1
2014/08/10, 10:01:54, -41.409077, -71.571053, 962.62,  0.00, 0, 0, 62.38, 1
2014/08/10, 10:32:32, -41.408230, -71.571037, 975.69,  900.00, 98, 0, 94.19, 1
2014/08/10, 11:03:59, -41.408268, -71.570953, 965.38,  108.00, 111, 0, 8.18, 1
2014/08/10, 12:03:23, -41.407574, -71.570625, 988.95,  612.00, 130, 0, 81.87, 1
2014/08/10, 13:02:07, -41.406368, -71.569847, 972.93,  1332.00, 112, 0, 148.97, 1
2014/08/10, 13:34:10, -41.406441, -71.569870, 958.95,  396.00, 125, 0, 8.34, 1
2014/08/10, 14:36:43, -41.406960, -71.570061, 965.79,  360.00, 355, 0, 59.87, 1
2014/08/10, 15:45:50, -41.407784, -71.570374, 968.38,  180.00, 232, 0, 95.27, 1
2014/08/10, 16:16:57, -41.407234, -71.569824, 945.56,  2124.00, 198, 0, 76.45, 1
2014/08/10, 16:48:29, -41.407288, -71.569748, 946.43,  1620.00, 215, 0, 8.73, 1
2014/08/10, 17:19:46, -41.407234, -71.569527, 940.94,  1620.00, 70, 0, 19.38, 1
2014/08/10, 18:29:35, -41.407352, -71.569771, 972.58,  828.00, 10, 0, 24.21, 1
2014/08/10, 19:38:45, -41.407997, -71.569397, 949.37,  756.00, 1, 0, 78.21, 1
2014/08/10, 20:42:34, -41.407753, -71.568825, 953.06,  396.00, 122, 0, 54.88, 1
2014/08/10, 21:36:09, -41.407745, -71.568916, 921.65,  1116.00, 70, 0, 7.64, 1
2014/08/10, 22:06:29, -41.407799, -71.568947, 930.67,  288.00, 308, 0, 6.54, 1
2014/08/10, 22:37:02, -41.407761, -71.568810, 963.08,  108.00, 61, 0, 12.18, 1
2014/08/10, 23:43:00, -41.407650, -71.568855, 957.01,  0.00, 23, -4, 12.90, 1
2014/08/11, 00:13:09, -41.407661, -71.568817, 963.83,  828.00, 331, -2, 0.00, 1
2014/08/11, 00:43:18, -41.406677, -71.570618, 1446.54,  1080.00, 124, 0, 185.83, 1
2014/08/11, 01:14:33, -41.407902, -71.569397, 957.31,  540.00, 348, 0, 170.07, 1
2014/08/11, 02:07:30, -41.407669, -71.568787, 948.26,  0.00, 0, 0, 57.09, 1
2014/08/11, 02:38:04, -41.407700, -71.568794, 962.15,  360.00, 319, 0, 3.50, 1
2014/08/11, 03:20:07, -41.407837, -71.568878, 906.88,  468.00, 167, 0, 16.77, 1
2014/08/11, 04:13:02, -41.407944, -71.568970, 935.19,  504.00, 257, 0, 14.16, 1
2014/08/11, 04:58:34, -41.407719, -71.568764, 958.12,  396.00, 0, 0, 30.35, 1
2014/08/11, 05:51:28, -41.407768, -71.568817, 929.73,  144.00, 148, 0, 7.02, 1
2014/08/11, 06:51:19, -41.407711, -71.568779, 951.14,  0.00, 90, 0, 7.09, 1
2014/08/11, 07:21:34, -41.407745, -71.568771, 952.49,  0.00, 60, 0, 3.84, 1
2014/08/11, 08:02:36, -41.407784, -71.568733, 951.81,  0.00, 252, 0, 5.37, 1
2014/08/11, 08:32:34, -41.407711, -71.568665, 954.91,  936.00, 249, 0, 9.90, 1
2014/08/11, 09:02:42, -41.407036, -71.569313, 950.00,  972.00, 218, 0, 92.49, 1
2014/08/11, 09:35:07, -41.407032, -71.569908, 936.89,  1332.00, 230, 0, 49.62, 1
2014/08/11, 10:15:58, -41.406281, -71.568962, 1015.35,  2340.00, 325, 0, 114.88, 1
2014/08/11, 11:19:22, -41.405472, -71.570847, 956.67,  684.00, 68, 0, 181.13, 1
2014/08/11, 12:28:12, -41.405350, -71.570969, 969.19,  828.00, 1, 0, 16.96, 1
2014/08/11, 13:26:58, -41.404430, -71.570396, 961.44,  864.00, 39, 0, 112.91, 1
2014/08/11, 14:27:20, -41.404140, -71.570152, 962.67,  1260.00, 199, 0, 38.13, 1
2014/08/11, 14:58:49, -41.404152, -71.569862, 956.12,  1512.00, 17, 0, 24.22, 1
2014/08/11, 15:42:02, -41.404301, -71.569878, 946.96,  864.00, 221, 0, 16.62, 1
2014/08/11, 16:28:35, -41.403591, -71.569069, 987.10,  756.00, 51, 0, 103.85, 1
2014/08/11, 17:22:15, -41.402775, -71.565926, 1245.63,  2160.00, 250, 0, 277.40, 1
2014/08/11, 18:15:29, -41.394230, -71.547684, 2421.37,  2160.00, 53, 0, 1793.88, 1
2014/08/11, 19:09:35, -41.402527, -71.568176, 969.26,  432.00, 212, 0, 1942.34, 1
2014/08/11, 19:39:57, -41.403061, -71.567810, 984.58,  504.00, 217, 0, 66.77, 1
2014/08/11, 20:10:34, -41.403107, -71.567810, 979.80,  684.00, 152, 0, 5.11, 1
2014/08/11, 21:13:03, -41.404083, -71.568626, 979.80,  324.00, 48, 0, 128.10, 1
2014/08/11, 21:42:58, -41.403915, -71.568748, 970.99,  252.00, 0, 0, 21.27, 1
2014/08/11, 22:12:51, -41.403885, -71.568718, 999.62,  0.00, 281, 0, 4.17, 1
2014/08/11, 22:42:42, -41.403973, -71.568611, 980.42,  1368.00, 299, 0, 13.24, 1
2014/08/11, 23:12:58, -41.404083, -71.568619, 972.46,  180.00, 174, 0, 12.25, 1
2014/08/11, 23:57:36, -41.403988, -71.568604, 975.30,  432.00, 161, -4, 10.64, 1
2014/08/12, 00:27:26, -41.403927, -71.568596, 984.46,  0.00, 208, -2, 0.00, 1
2014/08/12, 00:57:23, -41.404175, -71.568634, 950.30,  1368.00, 205, 0, 27.76, 1
2014/08/12, 01:31:09, -41.404091, -71.568390, 984.94,  1044.00, 61, 0, 22.39, 1
2014/08/12, 02:11:04, -41.404453, -71.568497, 971.59,  612.00, 172, 0, 41.23, 1
2014/08/12, 03:12:41, -41.404366, -71.568649, 1005.18,  1368.00, 330, 0, 15.95, 1
2014/08/12, 04:10:48, -41.404198, -71.568619, 973.82,  792.00, 24, 0, 18.85, 1
2014/08/12, 05:03:34, -41.404202, -71.568573, 987.06,  684.00, 290, 0, 3.86, 1
2014/08/12, 05:56:01, -41.404228, -71.568542, 955.13,  252.00, 353, 0, 3.88, 1
2014/08/12, 06:25:50, -41.404236, -71.568558, 977.80,  0.00, 148, 0, 1.60, 1
2014/08/12, 06:55:40, -41.404263, -71.568588, 970.43,  0.00, 171, 0, 3.91, 1
2014/08/12, 07:25:48, -41.404175, -71.568474, 963.41,  1332.00, 30, 0, 13.64, 1
2014/08/12, 08:01:34, -41.404205, -71.568512, 977.60,  1584.00, 257, 0, 4.60, 1
2014/08/12, 08:39:35, -41.404209, -71.568565, 970.21,  396.00, 168, 0, 4.44, 1
2014/08/12, 09:22:27, -41.402939, -71.568024, 967.58,  1224.00, 359, 0, 148.25, 1
2014/08/12, 09:52:09, -41.402187, -71.566360, 948.36,  0.00, 0, 0, 162.03, 1
2014/08/12, 10:22:00, -41.401360, -71.566177, 957.21,  0.00, 8, 0, 93.22, 1
2014/08/12, 10:52:24, -41.401352, -71.566185, 958.63,  1044.00, 259, 0, 1.11, 1
2014/08/12, 11:23:58, -41.401588, -71.566055, 951.04,  792.00, 55, 0, 28.39, 1
2014/08/12, 12:23:19, -41.400173, -71.565346, 973.27,  0.00, 130, 0, 168.09, 1
2014/08/12, 13:21:25, -41.399113, -71.564240, 975.09,  396.00, 270, 0, 149.68, 1
2014/08/12, 14:11:46, -41.399254, -71.564079, 965.84,  504.00, 214, 0, 20.64, 1
2014/08/12, 14:43:28, -41.399029, -71.564507, 930.60,  288.00, 330, 0, 43.59, 1
2014/08/12, 15:14:18, -41.399014, -71.564476, 936.03,  180.00, 51, 0, 3.08, 1
2014/08/12, 15:45:14, -41.399235, -71.564476, 926.13,  936.00, 31, 0, 24.57, 1
2014/08/12, 16:51:03, -41.399635, -71.564316, 925.75,  648.00, 49, 0, 46.44, 1
2014/08/12, 17:57:55, -41.399994, -71.564415, 946.78,  108.00, 133, 0, 40.76, 1
2014/08/12, 18:55:05, -41.399952, -71.564392, 950.37,  0.00, 42, 0, 5.05, 1
2014/08/12, 19:58:38, -41.400364, -71.564331, 929.26,  468.00, 187, 0, 46.09, 1
2014/08/12, 20:29:07, -41.399422, -71.564186, 1334.08,  864.00, 172, 0, 105.44, 1
2014/08/12, 20:59:12, -41.398479, -71.565399, 930.42,  396.00, 340, 0, 145.71, 1
2014/08/12, 21:29:58, -41.398518, -71.565353, 947.31,  828.00, 125, 0, 5.79, 1
2014/08/12, 22:38:05, -41.398602, -71.565636, 932.30,  1152.00, 58, 0, 25.39, 1
2014/08/12, 23:08:34, -41.398533, -71.565521, 936.48,  108.00, 163, 0, 12.28, 1
2014/08/12, 23:38:26, -41.398525, -71.565613, 955.54,  0.00, 332, -4, 7.73, 1
2014/08/13, 00:08:10, -41.398582, -71.565514, 935.10,  0.00, 11, -2, 0.00, 1
2014/08/13, 00:37:51, -41.398643, -71.565506, 931.51,  648.00, 1, 0, 6.82, 1
2014/08/13, 01:07:31, -41.398540, -71.565453, 947.88,  0.00, 180, 0, 12.28, 1
2014/08/13, 01:37:12, -41.398594, -71.565453, 932.37,  0.00, 205, 0, 6.00, 1
2014/08/13, 02:08:34, -41.398609, -71.565460, 930.57,  252.00, 6, 0, 1.77, 1
2014/08/13, 03:13:25, -41.398590, -71.565498, 918.08,  180.00, 257, 0, 3.81, 1
2014/08/13, 03:43:14, -41.398586, -71.565483, 929.01,  216.00, 6, 0, 1.33, 1
2014/08/13, 04:13:05, -41.398727, -71.565453, 910.37,  1044.00, 172, 0, 15.88, 1
2014/08/13, 04:43:22, -41.398651, -71.565338, 912.67,  72.00, 299, 0, 12.78, 1
2014/08/13, 05:24:18, -41.398544, -71.565491, 928.85,  468.00, 333, 0, 17.45, 1
2014/08/13, 05:54:10, -41.398560, -71.565445, 928.38,  432.00, 142, 0, 4.23, 1
2014/08/13, 06:23:50, -41.398582, -71.565468, 911.71,  0.00, 0, 0, 3.11, 1
2014/08/13, 06:53:26, -41.398560, -71.565414, 942.55,  1008.00, 89, 0, 5.13, 1
2014/08/13, 07:23:35, -41.398582, -71.565491, 938.95,  648.00, 7, 0, 6.87, 1
2014/08/13, 07:53:10, -41.398521, -71.565559, 943.73,  0.00, 13, 0, 8.84, 1
2014/08/13, 08:22:45, -41.398560, -71.565483, 928.43,  108.00, 130, 0, 7.68, 1
2014/08/13, 08:52:09, -41.398586, -71.565453, 945.46,  576.00, 61, 0, 3.82, 1
2014/08/13, 09:21:29, -41.398941, -71.566177, 954.32,  0.00, 270, 0, 72.15, 1
2014/08/13, 09:51:19, -41.398972, -71.566887, 957.94,  1296.00, 220, 0, 59.32, 1
2014/08/13, 10:21:34, -41.399055, -71.566513, 947.44,  180.00, 271, 0, 32.53, 1
2014/08/13, 10:56:55, -41.399067, -71.566452, 957.23,  0.00, 117, 0, 5.26, 1
2014/08/13, 11:28:17, -41.399334, -71.566887, 964.28,  180.00, 95, 0, 46.88, 1
2014/08/13, 11:59:28, -41.399799, -71.567329, 971.70,  504.00, 277, 0, 63.50, 1
2014/08/13, 12:30:35, -41.399769, -71.567833, 982.49,  1800.00, 75, 0, 42.17, 1
2014/08/13, 13:03:27, -41.399151, -71.567703, 979.42,  1116.00, 335, 0, 69.57, 1
2014/08/13, 13:34:44, -41.398773, -71.567551, 950.35,  396.00, 37, 0, 43.90, 1
2014/08/13, 14:06:21, -41.398727, -71.568428, 972.60,  828.00, 15, 0, 73.33, 1
2014/08/13, 14:59:25, -41.398911, -71.569023, 970.38,  684.00, 42, 0, 53.68, 1
2014/08/13, 15:31:49, -41.394901, -71.559532, 2025.14,  576.00, 79, 0, 908.60, 1
2014/08/13, 16:37:20, -41.398815, -71.569115, 975.84,  900.00, 350, 0, 910.14, 1
2014/08/13, 17:08:56, -41.399677, -71.568710, 968.69,  1260.00, 183, 0, 101.63, 1
2014/08/13, 17:41:12, -41.400082, -71.567772, 981.81,  2088.00, 347, 0, 90.27, 1
2014/08/13, 18:15:39, -41.400024, -71.566986, 983.03,  972.00, 51, 0, 65.88, 1
2014/08/13, 18:48:10, -41.399754, -71.567703, 979.01,  216.00, 48, 0, 66.92, 1
2014/08/13, 19:29:10, -41.400585, -71.566963, 978.12,  540.00, 229, 0, 111.12, 1
2014/08/13, 20:00:05, -41.401161, -71.567055, 977.43,  180.00, 354, 0, 64.51, 1
2014/08/13, 20:52:19, -41.401024, -71.567062, 997.82,  324.00, 103, 0, 15.24, 1
2014/08/13, 21:22:58, -41.401123, -71.567116, 990.14,  540.00, 308, 0, 11.89, 1
2014/08/13, 21:52:57, -41.401077, -71.566994, 1002.08,  1044.00, 71, 0, 11.39, 1
2014/08/13, 22:22:59, -41.401062, -71.567131, 998.51,  0.00, 141, 0, 11.55, 1
2014/08/13, 22:53:28, -41.401096, -71.567131, 993.20,  864.00, 336, 0, 3.78, 1
2014/08/13, 23:51:19, -41.401138, -71.567070, 995.99,  324.00, 335, -4, 6.91, 1
2014/08/14, 00:21:18, -41.401150, -71.567139, 971.58,  72.00, 243, -2, 0.00, 1
2014/08/14, 00:51:26, -41.401138, -71.567123, 972.48,  540.00, 341, 0, 1.89, 1
2014/08/14, 01:21:52, -41.401131, -71.567001, 983.49,  504.00, 46, 0, 10.21, 1
2014/08/14, 02:01:32, -41.400860, -71.567192, 989.85,  1836.00, 340, 0, 34.09, 1
2014/08/14, 02:48:11, -41.400303, -71.566650, 974.48,  252.00, 138, 0, 76.68, 1
2014/08/14, 03:18:19, -41.400196, -71.566673, 973.22,  864.00, 177, 0, 12.05, 1
2014/08/14, 03:48:34, -41.400162, -71.566681, 969.23,  144.00, 175, 0, 3.84, 1
2014/08/14, 04:19:02, -41.400158, -71.566711, 970.41,  1116.00, 197, 0, 2.54, 1
2014/08/14, 04:52:43, -41.400131, -71.566727, 977.43,  0.00, 342, 0, 3.29, 1
2014/08/14, 05:22:37, -41.400234, -71.566666, 968.69,  504.00, 153, 0, 12.53, 1
2014/08/14, 05:52:47, -41.400257, -71.566650, 986.59,  828.00, 128, 0, 2.88, 1
2014/08/14, 06:22:35, -41.400127, -71.566605, 995.65,  720.00, 29, 0, 14.93, 1
2014/08/14, 06:52:30, -41.400135, -71.566635, 982.32,  1260.00, 24, 0, 2.66, 1
2014/08/14, 07:26:34, -41.400181, -71.566635, 964.51,  252.00, 113, 0, 5.11, 1
2014/08/14, 08:22:06, -41.400162, -71.566711, 978.37,  0.00, 308, 0, 6.68, 1
2014/08/14, 08:51:47, -41.400269, -71.566452, 969.44,  1836.00, 150, 0, 24.66, 1
2014/08/14, 09:21:44, -41.400337, -71.566475, 945.85,  0.00, 203, 0, 7.80, 1
2014/08/14, 09:51:54, -41.400597, -71.566292, 965.71,  0.00, 201, 0, 32.69, 1
2014/08/14, 10:22:22, -41.401531, -71.566544, 983.80,  720.00, 150, 0, 105.96, 1
2014/08/14, 10:53:05, -41.401909, -71.567520, 976.23,  900.00, 273, 0, 91.62, 1
2014/08/14, 11:32:29, -41.402000, -71.567673, 973.10,  648.00, 269, 0, 16.29, 1
2014/08/14, 12:34:05, -41.402096, -71.567650, 969.72,  0.00, 119, 0, 10.85, 1
2014/08/14, 13:05:52, -41.402111, -71.567940, 975.27,  900.00, 146, 0, 24.25, 1
2014/08/14, 13:57:04, -41.405178, -71.570816, 968.11,  72.00, 45, 0, 416.94, 1
2014/08/14, 14:57:05, -41.407143, -71.569214, 951.56,  396.00, 162, 0, 256.11, 1
2014/08/14, 15:28:55, -41.407143, -71.569405, 965.32,  0.00, 313, 0, 15.93, 1
2014/08/14, 16:00:35, -41.406948, -71.569847, 971.67,  612.00, 321, 0, 42.77, 1
2014/08/14, 16:32:30, -41.406502, -71.569572, 962.70,  2916.00, 8, 0, 54.64, 1
2014/08/14, 17:13:15, -41.400219, -71.566696, 392.26,  1260.00, 41, 0, 738.67, 1
2014/08/14, 17:44:53, -41.402100, -71.568001, 971.16,  36.00, 110, 0, 235.78, 1
2014/08/14, 18:16:15, -41.401901, -71.567825, 992.60,  1260.00, 354, 0, 26.55, 1
2014/08/14, 19:11:14, -41.401699, -71.567505, 964.14,  576.00, 299, 0, 34.88, 1
2014/08/14, 19:42:04, -41.401340, -71.567070, 991.78,  936.00, 299, 0, 53.94, 1
2014/08/14, 20:49:04, -41.401089, -71.565727, 954.40,  468.00, 79, 0, 115.44, 1
2014/08/14, 21:52:59, -41.401180, -71.565941, 977.04,  0.00, 299, 0, 20.52, 1
2014/08/14, 22:22:50, -41.401199, -71.566040, 966.48,  0.00, 227, 0, 8.52, 1
2014/08/14, 22:53:04, -41.401031, -71.566025, 955.82,  2124.00, 26, 0, 18.72, 1
2014/08/14, 23:35:52, -41.401127, -71.565971, 947.97,  504.00, 303, -4, 11.59, 1
2014/08/15, 00:05:47, -41.401058, -71.566017, 1005.69,  1152.00, 86, -2, 0.00, 1
2014/08/15, 00:36:00, -41.401237, -71.565933, 946.76,  432.00, 308, 0, 21.10, 1
2014/08/15, 01:06:35, -41.401150, -71.565956, 969.07,  828.00, 214, 0, 9.86, 1
2014/08/15, 01:40:24, -41.401215, -71.565926, 954.48,  0.00, 270, 0, 7.65, 1
2014/08/15, 02:10:44, -41.400921, -71.566147, 967.60,  1224.00, 166, 0, 37.53, 1
2014/08/15, 02:42:39, -41.401196, -71.565796, 954.52,  432.00, 25, 0, 42.33, 1
2014/08/15, 03:13:05, -41.401272, -71.566063, 972.29,  0.00, 252, 0, 23.82, 1
2014/08/15, 03:48:27, -41.401203, -71.565964, 960.12,  684.00, 314, 0, 11.27, 1
2014/08/15, 04:18:07, -41.401241, -71.566025, 964.97,  0.00, 110, 0, 6.61, 1
2014/08/15, 04:47:45, -41.401138, -71.565941, 965.50,  468.00, 114, 0, 13.43, 1
2014/08/15, 05:17:59, -41.401234, -71.565987, 950.00,  144.00, 77, 0, 11.34, 1
2014/08/15, 05:51:37, -41.401024, -71.565872, 1069.42,  1116.00, 83, 0, 25.24, 1
2014/08/15, 06:28:53, -41.401241, -71.566010, 969.77,  0.00, 161, 0, 26.73, 1
2014/08/15, 06:58:38, -41.401337, -71.566200, 956.43,  252.00, 38, 0, 19.11, 1
2014/08/15, 07:28:42, -41.400993, -71.565727, 959.05,  1404.00, 55, 0, 54.95, 1
2014/08/15, 07:58:58, -41.401264, -71.565910, 951.00,  360.00, 300, 0, 33.78, 1
2014/08/15, 08:41:47, -41.400375, -71.566086, 959.59,  720.00, 8, 0, 99.94, 1
2014/08/15, 09:11:55, -41.399956, -71.566772, 968.97,  288.00, 119, 0, 73.79, 1
2014/08/15, 09:42:17, -41.400581, -71.567482, 985.13,  396.00, 298, 0, 91.31, 1
2014/08/15, 10:12:53, -41.401134, -71.567795, 997.62,  0.00, 209, 0, 66.80, 1
2014/08/15, 10:44:03, -41.401081, -71.568085, 1004.66,  648.00, 298, 0, 24.90, 1
2014/08/15, 11:16:02, -41.401619, -71.567917, 978.25,  1044.00, 247, 0, 61.44, 1
2014/08/15, 12:14:41, -41.402145, -71.567841, 967.38,  0.00, 23, 0, 58.83, 1
2014/08/15, 12:46:26, -41.402332, -71.568474, 975.02,  1080.00, 275, 0, 56.74, 1
2014/08/15, 13:18:57, -41.404034, -71.569069, 970.90,  1656.00, 260, 0, 195.65, 1
2014/08/15, 14:13:00, -41.407749, -71.570541, 938.49,  144.00, 243, 0, 430.95, 1
2014/08/15, 14:45:03, -41.407028, -71.569695, 983.92,  360.00, 321, 0, 106.80, 1
2014/08/15, 15:17:01, -41.407333, -71.569435, 975.60,  1080.00, 75, 0, 40.25, 1
2014/08/15, 16:02:58, -41.407162, -71.569061, 958.02,  936.00, 206, 0, 36.53, 1
2014/08/15, 16:56:24, -41.409870, -71.575706, 56.30,  396.00, 145, 0, 630.70, 1
2014/08/15, 17:49:52, -41.406151, -71.568726, 960.09,  3168.00, 27, 0, 714.05, 1
2014/08/15, 18:47:27, -41.405357, -71.567589, 977.39,  324.00, 226, 0, 129.57, 1
2014/08/15, 19:18:37, -41.405228, -71.567673, 953.00,  1116.00, 141, 0, 15.96, 1
2014/08/15, 19:49:49, -41.404781, -71.567635, 966.28,  684.00, 56, 0, 49.81, 1
2014/08/15, 20:20:58, -41.404682, -71.568382, 1023.12,  180.00, 77, 0, 63.27, 1
2014/08/15, 20:51:50, -41.404594, -71.568550, 973.23,  360.00, 95, 0, 17.09, 1
2014/08/15, 21:22:52, -41.404629, -71.568542, 978.16,  324.00, 99, 0, 3.95, 1
2014/08/15, 22:23:11, -41.404591, -71.568420, 978.68,  0.00, 213, 0, 11.02, 1
2014/08/15, 22:53:52, -41.404732, -71.568604, 963.74,  180.00, 25, 0, 21.94, 1
2014/08/15, 23:46:41, -41.404591, -71.568657, 968.32,  0.00, 44, -4, 16.29, 1
2014/08/16, 00:16:50, -41.404617, -71.568565, 980.72,  0.00, 263, -2, 0.00, 1
2014/08/16, 00:47:21, -41.404697, -71.568573, 970.71,  216.00, 136, 0, 8.92, 1
2014/08/16, 01:27:42, -41.404720, -71.568573, 983.24,  576.00, 339, 0, 2.56, 1
2014/08/16, 02:23:04, -41.404812, -71.568314, 970.34,  144.00, 43, 0, 23.90, 1
2014/08/16, 03:24:58, -41.404942, -71.567673, 953.94,  756.00, 36, 0, 55.38, 1
2014/08/16, 03:55:41, -41.405090, -71.567604, 962.60,  648.00, 40, 0, 17.43, 1
2014/08/16, 04:26:35, -41.405094, -71.567612, 962.17,  648.00, 92, 0, 0.80, 1
2014/08/16, 05:25:53, -41.405087, -71.567635, 963.34,  72.00, 298, 0, 2.07, 1
2014/08/16, 06:34:05, -41.405148, -71.567596, 961.09,  0.00, 58, 0, 7.52, 1
2014/08/16, 07:04:44, -41.405106, -71.567505, 956.17,  396.00, 243, 0, 8.91, 1
2014/08/16, 07:59:35, -41.405167, -71.567535, 960.62,  324.00, 34, 0, 7.23, 1
2014/08/16, 08:51:04, -41.405056, -71.567146, 959.50,  1476.00, 343, 0, 34.71, 1
2014/08/16, 09:40:49, -41.404949, -71.567314, 976.15,  288.00, 179, 0, 18.38, 1
2014/08/16, 10:30:58, -41.405464, -71.567261, 953.14,  432.00, 310, 0, 57.44, 1
2014/08/16, 11:23:34, -41.405720, -71.566368, 946.71,  504.00, 219, 0, 79.73, 1
2014/08/16, 12:19:41, -41.405628, -71.566475, 934.38,  0.00, 162, 0, 13.58, 1
2014/08/16, 12:50:46, -41.406487, -71.566940, 944.02,  1584.00, 205, 0, 103.09, 1
2014/08/16, 13:22:21, -41.405510, -71.566811, 969.46,  468.00, 29, 0, 109.17, 1
2014/08/16, 13:55:53, -41.405296, -71.567146, 1009.39,  468.00, 41, 0, 36.70, 1
2014/08/16, 14:31:23, -41.404839, -71.566895, 1016.17,  468.00, 308, 0, 54.96, 1
2014/08/16, 15:09:04, -41.404007, -71.566895, 961.91,  792.00, 82, 0, 92.51, 1
2014/08/16, 15:54:35, -41.404160, -71.567299, 964.90,  612.00, 322, 0, 37.75, 1
2014/08/16, 16:51:11, -41.404922, -71.568214, 970.70,  216.00, 84, 0, 114.03, 1
2014/08/16, 17:23:02, -41.405235, -71.568352, 896.67,  216.00, 91, 0, 36.66, 1
2014/08/16, 18:18:30, -41.404678, -71.568237, 982.92,  0.00, 56, 0, 62.67, 1
2014/08/16, 18:49:37, -41.404305, -71.567924, 991.47,  648.00, 182, 0, 49.01, 1
2014/08/16, 19:59:22, -41.405048, -71.567520, 965.70,  108.00, 132, 0, 89.22, 1
2014/08/16, 21:06:25, -41.405544, -71.568161, 923.78,  252.00, 77, 0, 76.81, 1
2014/08/16, 21:37:31, -41.405609, -71.568298, 927.17,  540.00, 101, 0, 13.52, 1
2014/08/16, 22:30:05, -41.405563, -71.568047, 964.41,  468.00, 305, 0, 21.55, 1
2014/08/16, 23:31:42, -41.405579, -71.568069, 954.40,  432.00, 285, -4, 2.56, 1
2014/08/17, 00:02:25, -41.405510, -71.568138, 952.21,  0.00, 193, -2, 0.00, 1
2014/08/17, 00:33:09, -41.405533, -71.568085, 965.46,  540.00, 157, 0, 5.11, 1
2014/08/17, 01:04:22, -41.405479, -71.568184, 962.54,  504.00, 74, 0, 10.21, 1
2014/08/17, 01:46:34, -41.405567, -71.568130, 956.35,  144.00, 164, 0, 10.77, 1
2014/08/17, 02:38:01, -41.405567, -71.568130, 956.35,  144.00, 164, 0, 0.00, 1
2014/08/17, 03:09:06, -41.405548, -71.567932, 930.15,  1512.00, 236, 0, 16.65, 1
2014/08/17, 03:39:35, -41.405693, -71.568436, 961.47,  936.00, 346, 0, 45.02, 1
2014/08/17, 04:10:21, -41.406555, -71.569077, 992.92,  1152.00, 341, 0, 109.75, 1
2014/08/17, 04:41:34, -41.405518, -71.568123, 964.88,  756.00, 223, 0, 140.10, 1
2014/08/17, 05:50:26, -41.405659, -71.568146, 980.73,  792.00, 196, 0, 15.80, 1
2014/08/17, 06:21:07, -41.405560, -71.568069, 968.71,  864.00, 46, 0, 12.74, 1
2014/08/17, 06:51:37, -41.405659, -71.568100, 968.76,  0.00, 100, 0, 11.31, 1
2014/08/17, 07:23:28, -41.405563, -71.568062, 967.30,  252.00, 139, 0, 11.14, 1
2014/08/17, 08:24:18, -41.405827, -71.568939, 893.86,  1944.00, 25, 0, 78.81, 1
2014/08/17, 08:55:02, -41.405952, -71.569847, 1007.62,  612.00, 16, 0, 76.99, 1
2014/08/17, 09:41:56, -41.405582, -71.569641, 1014.25,  1620.00, 305, 0, 44.59, 1
2014/08/17, 10:49:58, -41.404156, -71.569580, 968.41,  648.00, 271, 0, 158.65, 1
2014/08/17, 11:58:05, -41.406864, -71.570435, 964.36,  0.00, 236, 0, 309.44, 1
2014/08/17, 12:29:08, -41.406872, -71.570465, 970.66,  324.00, 150, 0, 2.66, 1
2014/08/17, 13:00:35, -41.406925, -71.570412, 969.08,  432.00, 47, 0, 7.37, 1
2014/08/17, 13:51:09, -41.406879, -71.570427, 979.43,  756.00, 119, 0, 5.27, 1
2014/08/17, 14:22:28, -41.406898, -71.570389, 975.10,  216.00, 38, 0, 3.81, 1
2014/08/17, 14:53:55, -41.408348, -71.570343, 965.67,  2448.00, 297, 0, 161.28, 1
2014/08/17, 15:25:58, -41.408978, -71.571014, 986.65,  1764.00, 197, 0, 89.66, 1
2014/08/17, 16:03:23, -41.409683, -71.570313, 975.19,  1620.00, 199, 0, 97.79, 1
2014/08/17, 16:35:22, -41.407864, -71.566322, 1733.47,  2736.00, 183, 0, 389.48, 1
2014/08/17, 17:13:29, -41.409912, -71.572563, 968.21,  504.00, 224, 0, 568.12, 1
2014/08/17, 18:04:57, -41.410110, -71.572998, 982.90,  0.00, 213, 0, 42.44, 1
2014/08/17, 18:37:35, -41.411350, -71.573151, 1002.93,  216.00, 175, 0, 138.47, 1
2014/08/17, 19:45:48, -41.412224, -71.572266, 1014.40,  936.00, 31, 0, 122.03, 1
2014/08/17, 20:17:22, -41.412659, -71.569969, 1014.92,  180.00, 124, 0, 197.57, 1
2014/08/17, 21:17:01, -41.412514, -71.570038, 1024.16,  324.00, 87, 0, 17.12, 1
2014/08/17, 21:47:47, -41.412651, -71.570007, 986.27,  108.00, 122, 0, 15.45, 1
2014/08/17, 22:18:35, -41.412605, -71.569885, 1005.87,  1152.00, 277, 0, 11.39, 1
2014/08/17, 23:00:59, -41.412590, -71.569878, 1015.21,  252.00, 257, 0, 1.77, 1
2014/08/17, 23:48:30, -41.412655, -71.569855, 1022.22,  468.00, 110, -4, 7.48, 1
2014/08/18, 00:19:16, -41.412609, -71.569908, 1013.28,  2448.00, 267, -2, 0.00, 1
2014/08/18, 01:01:35, -41.412567, -71.569923, 1009.63,  216.00, 18, 0, 4.83, 1
2014/08/18, 01:51:04, -41.412014, -71.569748, 1005.26,  864.00, 331, 0, 63.20, 1
2014/08/18, 02:21:52, -41.412624, -71.569946, 1008.64,  432.00, 340, 0, 69.81, 1
2014/08/18, 03:09:17, -41.412674, -71.569969, 1004.72,  1116.00, 101, 0, 5.88, 1
2014/08/18, 03:40:04, -41.412613, -71.570023, 1015.73,  576.00, 280, 0, 8.14, 1
2014/08/18, 04:23:52, -41.412716, -71.569946, 1011.86,  1008.00, 356, 0, 13.13, 1
2014/08/18, 04:54:34, -41.412617, -71.570038, 1025.13,  144.00, 137, 0, 13.42, 1
2014/08/18, 05:41:34, -41.412323, -71.570061, 840.04,  828.00, 170, 0, 32.75, 1
2014/08/18, 06:28:53, -41.412910, -71.570313, 949.15,  936.00, 353, 0, 68.57, 1
2014/08/18, 07:14:58, -41.412632, -71.569962, 1009.26,  360.00, 283, 0, 42.57, 1
2014/08/18, 08:11:59, -41.412941, -71.569771, 1015.48,  0.00, 171, 0, 37.87, 1
2014/08/18, 08:42:14, -41.412971, -71.569077, 1005.95,  396.00, 359, 0, 57.97, 1
2014/08/18, 09:12:39, -41.412868, -71.568031, 1008.56,  1404.00, 108, 0, 87.98, 1
2014/08/18, 09:42:59, -41.412109, -71.568237, 1004.07,  1332.00, 92, 0, 86.13, 1
2014/08/18, 10:13:50, -41.411526, -71.569389, 1006.44,  108.00, 75, 0, 115.90, 1
2014/08/18, 10:48:44, -41.411724, -71.569740, 998.36,  756.00, 68, 0, 36.63, 1
2014/08/18, 11:36:51, -41.403793, -71.548164, 2130.92,  6480.00, 78, 0, 2003.89, 1
2014/08/18, 12:08:50, -41.413193, -71.570679, 1021.06,  432.00, 65, 0, 2149.01, 1
2014/08/18, 13:19:03, -41.412659, -71.575409, 1039.61,  1332.00, 134, 0, 398.89, 1
2014/08/18, 14:29:05, -41.412792, -71.575409, 1021.86,  72.00, 228, 0, 14.79, 1
2014/08/18, 15:01:11, -41.412617, -71.575432, 1022.98,  0.00, 78, 0, 19.55, 1
2014/08/18, 15:33:23, -41.412849, -71.575920, 1023.58,  0.00, 182, 0, 48.18, 1
2014/08/18, 16:05:35, -41.412117, -71.575424, 1021.66,  648.00, 201, 0, 91.30, 1
2014/08/18, 16:38:13, -41.412075, -71.573074, 1119.45,  1080.00, 87, 0, 196.03, 1
2014/08/18, 17:23:21, -41.412571, -71.573151, 1016.39,  1368.00, 23, 0, 55.53, 1
2014/08/18, 18:35:11, -41.414577, -71.570107, 991.12,  288.00, 237, 0, 337.92, 1
2014/08/18, 19:06:41, -41.414192, -71.569389, 1004.03,  432.00, 96, 0, 73.60, 1
2014/08/18, 19:39:03, -41.414276, -71.569748, 996.57,  576.00, 287, 0, 31.36, 1
2014/08/18, 20:10:22, -41.414345, -71.569885, 960.82,  144.00, 151, 0, 13.76, 1
2014/08/18, 20:41:56, -41.414436, -71.569633, 1010.77,  252.00, 230, 0, 23.32, 1
2014/08/18, 21:12:56, -41.414238, -71.568916, 1294.87,  360.00, 66, 0, 63.72, 1
2014/08/18, 21:44:15, -41.414192, -71.569283, 1070.21,  468.00, 65, 0, 31.03, 1
2014/08/18, 22:15:03, -41.414490, -71.569763, 992.76,  684.00, 197, 0, 51.96, 1
2014/08/18, 23:20:14, -41.414528, -71.569801, 990.88,  756.00, 121, 0, 5.28, 1
2014/08/18, 23:55:54, -41.414360, -71.569885, 1038.25,  756.00, 61, -4, 19.95, 1
2014/08/19, 00:26:58, -41.414661, -71.569572, 944.72,  1548.00, 220, -2, 0.00, 1
2014/08/19, 00:58:04, -41.414459, -71.569664, 987.80,  360.00, 151, 0, 23.74, 1
2014/08/19, 01:29:13, -41.414886, -71.569595, 1001.41,  288.00, 352, 0, 47.83, 1
2014/08/19, 02:36:42, -41.414303, -71.569534, 1064.36,  396.00, 231, 0, 65.03, 1
2014/08/19, 03:07:09, -41.414490, -71.569672, 986.26,  432.00, 286, 0, 23.77, 1
2014/08/19, 03:37:38, -41.414768, -71.569977, 973.65,  1800.00, 218, 0, 40.03, 1
2014/08/19, 04:38:36, -41.414532, -71.569618, 980.67,  684.00, 115, 0, 39.81, 1
2014/08/19, 05:35:34, -41.414532, -71.569641, 987.00,  324.00, 306, 0, 1.92, 1
2014/08/19, 06:06:07, -41.414520, -71.569794, 960.44,  108.00, 123, 0, 12.83, 1
2014/08/19, 06:36:37, -41.414589, -71.569763, 992.12,  612.00, 56, 0, 8.10, 1
2014/08/19, 07:07:08, -41.414558, -71.569878, 999.48,  540.00, 354, 0, 10.19, 1
2014/08/19, 07:38:10, -41.414505, -71.569534, 980.29,  108.00, 118, 0, 29.29, 1
2014/08/19, 08:16:09, -41.414394, -71.569740, 999.37,  900.00, 17, 0, 21.15, 1
2014/08/19, 08:46:25, -41.414810, -71.570175, 1004.66,  1008.00, 347, 0, 58.78, 1
2014/08/19, 09:16:47, -41.414639, -71.570648, 1003.09,  1152.00, 225, 0, 43.79, 1
2014/08/19, 09:47:32, -41.414982, -71.572205, 1021.82,  360.00, 127, 0, 135.32, 1
2014/08/19, 10:20:07, -41.414528, -71.572128, 1013.15,  288.00, 20, 0, 50.89, 1
2014/08/19, 10:51:09, -41.417416, -71.571785, 1003.05,  720.00, 156, 0, 322.40, 1
2014/08/19, 11:23:28, -41.418121, -71.571304, 983.28,  3384.00, 196, 0, 88.06, 1
2014/08/19, 12:07:43, -41.419907, -71.570572, 961.72,  2664.00, 76, 0, 207.76, 1
2014/08/19, 12:48:22, -41.419472, -71.570015, 984.06,  144.00, 63, 0, 67.06, 1
2014/08/19, 13:37:19, -41.419605, -71.569939, 987.88,  0.00, 44, 0, 16.09, 1
2014/08/19, 14:10:27, -41.419548, -71.569763, 993.81,  828.00, 245, 0, 15.99, 1
2014/08/19, 14:43:23, -41.419277, -71.569374, 1005.56,  288.00, 180, 0, 44.27, 1
2014/08/19, 15:16:22, -41.419174, -71.567734, 992.38,  360.00, 339, 0, 137.23, 1
2014/08/19, 16:01:00, -41.420998, -71.569466, 985.49,  3312.00, 194, 0, 248.98, 1
2014/08/19, 16:33:10, -41.421230, -71.569832, 1009.55,  612.00, 4, 0, 39.96, 1
2014/08/19, 17:05:42, -41.419086, -71.563560, 1571.12,  2952.00, 46, 0, 574.75, 1
2014/08/19, 17:44:26, -41.421993, -71.568375, 1048.89,  576.00, 261, 0, 515.44, 1
2014/08/19, 18:36:38, -41.423050, -71.569122, 990.98,  180.00, 126, 0, 133.02, 1
2014/08/19, 19:43:34, -41.422394, -71.570320, 1018.65,  180.00, 21, 0, 123.69, 1
2014/08/19, 20:49:30, -41.420589, -71.572052, 1006.94,  180.00, 162, 0, 247.26, 1
2014/08/19, 21:20:56, -41.420647, -71.572044, 1014.89,  864.00, 113, 0, 6.48, 1
2014/08/19, 22:19:05, -41.420727, -71.572060, 1005.62,  252.00, 167, 0, 9.00, 1
2014/08/19, 23:23:52, -41.420750, -71.572014, 1004.92,  900.00, 302, 0, 4.61, 1
2014/08/19, 23:54:12, -41.420635, -71.572075, 997.77,  0.00, 154, -4, 13.76, 1
2014/08/20, 00:24:28, -41.420628, -71.572708, 997.28,  828.00, 173, -2, 0.00, 1
2014/08/20, 00:54:59, -41.420532, -71.572609, 1018.78,  1800.00, 243, 0, 13.49, 1
2014/08/20, 01:25:59, -41.420547, -71.572182, 1026.11,  360.00, 153, 0, 35.64, 1
2014/08/20, 02:07:40, -41.420563, -71.572113, 1030.51,  504.00, 30, 0, 6.02, 1
2014/08/20, 02:51:29, -41.420696, -71.572044, 1015.91,  144.00, 224, 0, 15.87, 1
2014/08/20, 03:38:35, -41.420773, -71.572052, 1001.55,  0.00, 197, 0, 8.59, 1
2014/08/20, 04:08:48, -41.420712, -71.572067, 998.20,  576.00, 199, 0, 6.90, 1
2014/08/20, 04:39:34, -41.420692, -71.572029, 1006.68,  108.00, 91, 0, 3.87, 1
2014/08/20, 05:26:50, -41.420685, -71.572075, 1030.61,  468.00, 275, 0, 3.91, 1
2014/08/20, 05:57:28, -41.420921, -71.572205, 1121.59,  864.00, 169, 0, 28.39, 1
2014/08/20, 06:41:34, -41.420696, -71.572090, 1005.78,  504.00, 47, 0, 26.79, 1
2014/08/20, 07:31:00, -41.420643, -71.572144, 1014.53,  0.00, 194, 0, 7.42, 1
2014/08/20, 08:01:38, -41.420116, -71.572273, 1004.31,  288.00, 198, 0, 59.58, 1
2014/08/20, 08:32:25, -41.419266, -71.571800, 1000.06,  324.00, 102, 0, 102.41, 1
2014/08/20, 09:04:20, -41.418716, -71.571899, 1002.17,  468.00, 6, 0, 61.71, 1
2014/08/20, 10:02:38, -41.417473, -71.572227, 1005.39,  2232.00, 265, 0, 140.90, 1
2014/08/20, 11:07:28, -41.413895, -71.571938, 1017.37,  288.00, 111, 0, 398.58, 1
2014/08/20, 12:13:59, -41.411285, -71.572350, 998.22,  2124.00, 352, 0, 292.25, 1
2014/08/20, 12:45:37, -41.410679, -71.571724, 987.97,  0.00, 219, 0, 85.24, 1
2014/08/20, 13:17:34, -41.410709, -71.571655, 988.21,  396.00, 133, 0, 6.65, 1
2014/08/20, 14:06:43, -41.409992, -71.570869, 974.84,  1296.00, 20, 0, 103.21, 1
2014/08/20, 14:38:23, -41.409103, -71.570862, 966.95,  288.00, 138, 0, 98.85, 1
2014/08/20, 15:10:05, -41.408363, -71.571007, 968.20,  0.00, 109, 0, 83.17, 1
2014/08/20, 15:42:02, -41.407566, -71.570816, 969.30,  252.00, 308, 0, 90.04, 1
2014/08/20, 16:13:31, -41.407532, -71.570663, 973.91,  1260.00, 73, 0, 13.31, 1
2014/08/20, 16:44:55, -41.407581, -71.570656, 957.46,  180.00, 212, 0, 5.48, 1
2014/08/20, 17:16:09, -41.406219, -71.570114, 976.51,  684.00, 21, 0, 158.05, 1
2014/08/20, 17:47:27, -41.406326, -71.570328, 956.78,  1188.00, 212, 0, 21.45, 1
2014/08/20, 18:19:27, -41.406345, -71.569847, 959.31,  1944.00, 101, 0, 40.17, 1
2014/08/20, 18:57:02, -41.406288, -71.569550, 954.81,  216.00, 235, 0, 25.57, 1
2014/08/20, 19:51:00, -41.406670, -71.569283, 984.72,  900.00, 187, 0, 47.96, 1
2014/08/20, 20:22:11, -41.407494, -71.568718, 948.38,  432.00, 244, 0, 103.03, 1
2014/08/20, 20:53:37, -41.407757, -71.568733, 966.31,  180.00, 161, 0, 29.27, 1
2014/08/20, 21:55:34, -41.407623, -71.568817, 965.07,  144.00, 123, 0, 16.46, 1
2014/08/20, 23:00:48, -41.407509, -71.569183, 1028.79,  252.00, 42, 0, 33.05, 1
2014/08/20, 23:54:35, -41.407700, -71.568817, 949.60,  180.00, 103, -4, 37.19, 1
2014/08/21, 00:56:59, -41.407753, -71.569061, 953.25,  720.00, 95, -2, 0.00, 1
2014/08/21, 01:27:26, -41.407768, -71.568817, 989.92,  720.00, 313, 0, 20.42, 1
2014/08/21, 01:58:04, -41.407604, -71.568871, 953.99,  792.00, 158, 0, 18.78, 1
2014/08/21, 02:33:59, -41.407814, -71.568810, 894.52,  396.00, 201, 0, 23.90, 1
2014/08/21, 03:05:53, -41.407803, -71.569199, 960.44,  612.00, 180, 0, 32.47, 1
2014/08/21, 03:36:18, -41.407818, -71.569267, 960.54,  0.00, 327, 0, 5.91, 1
2014/08/21, 04:06:54, -41.407604, -71.569176, 964.91,  1080.00, 335, 0, 24.98, 1
2014/08/21, 04:54:57, -41.407734, -71.569069, 966.52,  504.00, 338, 0, 16.99, 1
2014/08/21, 05:57:32, -41.407642, -71.569054, 957.89,  288.00, 6, 0, 10.31, 1
2014/08/21, 06:28:02, -41.407841, -71.569214, 939.52,  396.00, 58, 0, 25.84, 1
2014/08/21, 07:18:35, -41.407543, -71.568932, 963.73,  720.00, 33, 0, 40.63, 1
2014/08/21, 07:48:36, -41.407742, -71.569130, 943.30,  1332.00, 30, 0, 27.61, 1
2014/08/21, 08:19:25, -41.407722, -71.569130, 950.97,  216.00, 32, 0, 2.22, 1
2014/08/21, 09:10:58, -41.406784, -71.569618, 952.48,  3096.00, 172, 0, 111.96, 1
2014/08/21, 09:41:33, -41.406208, -71.570572, 953.97,  396.00, 185, 0, 102.14, 1
2014/08/21, 10:47:47, -41.406334, -71.570557, 962.77,  0.00, 227, 0, 14.07, 1
2014/08/21, 11:19:19, -41.406090, -71.570946, 952.54,  0.00, 60, 0, 42.29, 1
2014/08/21, 11:51:00, -41.405628, -71.570694, 967.91,  576.00, 142, 0, 55.50, 1
2014/08/21, 12:22:38, -41.405964, -71.570732, 953.46,  0.00, 5, 0, 37.50, 1
2014/08/21, 12:54:44, -41.406281, -71.569962, 964.25,  0.00, 52, 0, 73.26, 1
2014/08/21, 13:28:00, -41.406307, -71.569473, 972.80,  360.00, 212, 0, 40.89, 1
2014/08/21, 14:23:55, -41.407154, -71.568611, 957.25,  36.00, 164, 0, 118.48, 1
2014/08/21, 14:56:00, -41.407406, -71.568619, 966.70,  180.00, 275, 0, 28.03, 1
2014/08/21, 15:28:22, -41.407307, -71.568466, 952.55,  252.00, 52, 0, 16.85, 1
2014/08/21, 16:18:04, -41.407112, -71.568871, 935.09,  540.00, 52, 0, 40.14, 1
2014/08/21, 17:05:32, -41.407543, -71.569374, 1016.64,  576.00, 24, 0, 63.69, 1
2014/08/21, 17:50:58, -41.408234, -71.569542, 941.65,  864.00, 56, 0, 78.10, 1
2014/08/21, 18:22:56, -41.407406, -71.568741, 1060.34,  1224.00, 72, 0, 113.75, 1
2014/08/21, 19:14:52, -41.407318, -71.568466, 945.56,  540.00, 58, 0, 24.93, 1
2014/08/21, 20:21:06, -41.407726, -71.568512, 946.07,  504.00, 198, 0, 45.53, 1
2014/08/21, 20:52:35, -41.407642, -71.568481, 943.72,  396.00, 37, 0, 9.69, 1
2014/08/21, 21:50:38, -41.407761, -71.568672, 912.17,  1476.00, 327, 0, 20.71, 1
2014/08/21, 22:21:58, -41.407867, -71.568695, 992.76,  396.00, 324, 0, 11.94, 1
2014/08/21, 23:11:54, -41.407585, -71.568741, 1027.91,  1188.00, 159, -4, 31.59, 1
2014/08/22, 00:05:23, -41.407627, -71.568527, 959.37,  432.00, 20, -2, 0.00, 1
2014/08/22, 00:51:26, -41.408104, -71.569496, 951.23,  684.00, 184, 0, 96.66, 1
2014/08/22, 01:44:56, -41.407955, -71.569901, 970.38,  2160.00, 8, 0, 37.62, 1
2014/08/22, 02:35:37, -41.407875, -71.569878, 976.62,  360.00, 159, 0, 9.10, 1
2014/08/22, 03:06:11, -41.407719, -71.569954, 983.09,  396.00, 144, 0, 18.47, 1
2014/08/22, 03:36:46, -41.407902, -71.569969, 967.25,  792.00, 191, 0, 20.39, 1
2014/08/22, 04:07:53, -41.407890, -71.569794, 954.28,  324.00, 133, 0, 14.66, 1
2014/08/22, 05:05:12, -41.407913, -71.569870, 984.22,  1512.00, 248, 0, 6.83, 1
2014/08/22, 05:58:40, -41.407719, -71.569794, 928.53,  2124.00, 203, 0, 22.48, 1
2014/08/22, 06:50:23, -41.407925, -71.570000, 971.56,  324.00, 43, 0, 28.63, 1
2014/08/22, 07:51:12, -41.407913, -71.569954, 966.60,  432.00, 355, 0, 4.06, 1
2014/08/22, 08:21:40, -41.407799, -71.570175, 977.75,  2052.00, 53, 0, 22.37, 1
2014/08/22, 08:52:17, -41.407898, -71.570816, 971.96,  0.00, 215, 0, 54.58, 1
2014/08/22, 09:24:20, -41.408134, -71.570747, 954.67,  1116.00, 105, 0, 26.87, 1
2014/08/22, 10:26:32, -41.407066, -71.570900, 1043.05,  1944.00, 64, 0, 119.44, 1
2014/08/22, 11:34:14, -41.406769, -71.569969, 963.25,  756.00, 33, 0, 84.38, 1
2014/08/22, 12:05:25, -41.407066, -71.570412, 975.97,  0.00, 108, 0, 49.55, 1
2014/08/22, 12:36:36, -41.407017, -71.570320, 980.27,  540.00, 180, 0, 9.41, 1
2014/08/22, 13:10:08, -41.408604, -71.570374, 990.21,  504.00, 108, 0, 176.52, 1
2014/08/22, 13:41:29, -41.408691, -71.570847, 968.05,  180.00, 355, 0, 40.62, 1
2014/08/22, 14:12:51, -41.408741, -71.569870, 984.78,  756.00, 114, 0, 81.67, 1
2014/08/22, 14:44:19, -41.409138, -71.569664, 954.46,  1440.00, 265, 0, 47.37, 1
2014/08/22, 15:16:14, -41.409050, -71.569321, 950.82,  324.00, 78, 0, 30.23, 1
2014/08/22, 16:13:04, -41.409145, -71.569412, 951.35,  1584.00, 150, 0, 13.01, 1
2014/08/22, 17:17:32, -41.410072, -71.569794, 994.94,  2664.00, 327, 0, 107.89, 1
2014/08/22, 18:26:33, -41.410439, -71.569443, 992.31,  288.00, 84, 0, 50.22, 1
2014/08/22, 18:57:38, -41.410599, -71.567375, 995.10,  2664.00, 14, 0, 173.38, 1
2014/08/22, 19:28:46, -41.410351, -71.566864, 993.49,  432.00, 278, 0, 50.76, 1
2014/08/22, 20:19:28, -41.410435, -71.566841, 983.76,  396.00, 2, 0, 9.54, 1
2014/08/22, 21:17:22, -41.410343, -71.566849, 984.62,  180.00, 0, 0, 10.25, 1
2014/08/22, 21:48:30, -41.410374, -71.566933, 989.49,  720.00, 358, 0, 7.81, 1
2014/08/22, 22:31:34, -41.410347, -71.566849, 991.78,  144.00, 349, 0, 7.62, 1
2014/08/22, 23:25:14, -41.410328, -71.566902, 994.29,  576.00, 43, 0, 4.90, 1
2014/08/22, 23:55:42, -41.410286, -71.566772, 985.67,  0.00, 266, -4, 11.80, 1
2014/08/23, 00:26:03, -41.410168, -71.566719, 1029.29,  180.00, 24, -2, 0.00, 1
2014/08/23, 00:56:25, -41.410286, -71.566795, 1001.61,  648.00, 257, 0, 14.57, 1
2014/08/23, 01:28:44, -41.410435, -71.567299, 987.10,  576.00, 219, 0, 45.18, 1
2014/08/23, 01:59:26, -41.410225, -71.566765, 1020.29,  252.00, 225, 0, 50.28, 1
2014/08/23, 02:30:07, -41.410370, -71.566849, 977.42,  288.00, 129, 0, 17.58, 1
2014/08/23, 03:34:13, -41.410465, -71.566917, 973.29,  0.00, 196, 0, 11.99, 1
2014/08/23, 04:04:37, -41.410397, -71.567009, 977.49,  756.00, 147, 0, 10.77, 1
2014/08/23, 04:46:34, -41.410370, -71.566818, 984.51,  144.00, 348, 0, 16.21, 1
2014/08/23, 05:37:35, -41.410358, -71.566803, 1027.49,  504.00, 98, 0, 1.83, 1
2014/08/23, 06:07:49, -41.410397, -71.566818, 989.79,  864.00, 28, 0, 4.51, 1
2014/08/23, 06:38:10, -41.410397, -71.567024, 991.31,  1224.00, 134, 0, 17.18, 1
2014/08/23, 07:09:05, -41.410358, -71.566841, 985.01,  324.00, 201, 0, 15.87, 1
2014/08/23, 07:43:15, -41.410336, -71.566872, 988.59,  324.00, 183, 0, 3.56, 1
2014/08/23, 08:13:33, -41.409752, -71.566589, 972.03,  648.00, 311, 0, 69.09, 1
2014/08/23, 08:44:01, -41.409817, -71.566986, 975.73,  432.00, 79, 0, 33.89, 1
2014/08/23, 09:14:35, -41.409763, -71.567184, 965.89,  0.00, 0, 0, 17.57, 1
2014/08/23, 09:45:34, -41.410049, -71.567146, 970.79,  3672.00, 314, 0, 31.96, 1
2014/08/23, 10:16:10, -41.410568, -71.567299, 994.62,  0.00, 332, 0, 59.10, 1
2014/08/23, 10:46:57, -41.410671, -71.569763, 994.28,  972.00, 40, 0, 205.80, 1
2014/08/23, 11:18:06, -41.409683, -71.570511, 970.21,  756.00, 141, 0, 126.34, 1
2014/08/23, 11:49:24, -41.409309, -71.570763, 967.44,  1008.00, 55, 0, 46.60, 1
2014/08/23, 12:21:03, -41.408970, -71.571075, 973.95,  360.00, 102, 0, 45.80, 1
2014/08/23, 13:03:42, -41.406948, -71.570305, 951.51,  72.00, 158, 0, 233.83, 1
2014/08/23, 13:34:40, -41.406952, -71.570358, 952.73,  504.00, 259, 0, 4.44, 1
2014/08/23, 14:05:54, -41.406712, -71.570221, 979.10,  1548.00, 39, 0, 29.03, 1
2014/08/23, 14:37:16, -41.406952, -71.570793, 883.01,  1692.00, 11, 0, 54.66, 1
2014/08/23, 15:13:04, -41.406250, -71.570267, 945.52,  2016.00, 289, 0, 89.54, 1
2014/08/23, 15:58:33, -41.407238, -71.568474, 925.01,  1872.00, 327, 0, 185.55, 1
2014/08/23, 16:30:50, -41.407173, -71.568604, 944.77,  396.00, 299, 0, 13.03, 1
2014/08/23, 17:29:23, -41.406311, -71.570091, 943.21,  252.00, 283, 0, 156.74, 1
2014/08/23, 18:00:44, -41.406296, -71.570251, 945.96,  0.00, 62, 0, 13.45, 1
2014/08/23, 18:32:08, -41.405888, -71.570717, 946.18,  936.00, 351, 0, 59.74, 1
2014/08/23, 19:11:35, -41.405045, -71.571297, 959.63,  468.00, 351, 0, 105.48, 1
2014/08/23, 20:00:04, -41.404915, -71.570595, 987.02,  576.00, 123, 0, 60.31, 1
2014/08/23, 20:55:37, -41.404915, -71.570366, 975.80,  396.00, 334, 0, 19.10, 1
2014/08/23, 21:26:03, -41.405033, -71.570305, 953.86,  288.00, 240, 0, 14.07, 1
2014/08/23, 22:08:02, -41.405033, -71.570305, 970.57,  432.00, 333, 0, 0.00, 1
2014/08/23, 22:53:28, -41.405102, -71.570213, 950.81,  468.00, 0, 0, 10.85, 1
2014/08/23, 23:40:51, -41.405067, -71.570267, 959.45,  720.00, 276, -4, 5.95, 1
2014/08/24, 00:11:17, -41.404980, -71.570244, 976.65,  864.00, 286, -2, 0.00, 1
2014/08/24, 00:41:51, -41.405125, -71.570084, 973.65,  1188.00, 338, 0, 20.93, 1
2014/08/24, 01:13:36, -41.405300, -71.568741, 976.91,  1008.00, 260, 0, 113.69, 1
2014/08/24, 02:22:40, -41.406025, -71.568977, 919.25,  216.00, 175, 0, 82.98, 1
2014/08/24, 02:53:05, -41.405682, -71.569244, 960.24,  864.00, 208, 0, 44.16, 1
2014/08/24, 03:23:33, -41.405621, -71.569206, 968.90,  540.00, 26, 0, 7.49, 1
2014/08/24, 03:54:04, -41.405678, -71.569000, 964.77,  216.00, 359, 0, 18.31, 1
2014/08/24, 04:24:10, -41.405704, -71.568962, 961.51,  540.00, 156, 0, 4.29, 1
2014/08/24, 04:54:14, -41.405701, -71.568985, 968.87,  468.00, 331, 0, 1.95, 1
2014/08/24, 05:24:35, -41.405746, -71.568962, 971.43,  72.00, 228, 0, 5.36, 1
2014/08/24, 06:18:42, -41.405712, -71.568985, 968.84,  0.00, 27, 0, 4.24, 1
2014/08/24, 06:48:27, -41.405693, -71.569031, 971.74,  504.00, 33, 0, 4.38, 1
2014/08/24, 07:18:24, -41.405701, -71.569046, 973.45,  864.00, 120, 0, 1.54, 1
2014/08/24, 07:48:52, -41.405693, -71.569008, 960.21,  432.00, 136, 0, 3.29, 1
2014/08/24, 08:18:58, -41.405510, -71.568634, 970.76,  0.00, 329, 0, 37.24, 1
2014/08/24, 08:49:21, -41.404980, -71.567940, 964.44,  684.00, 25, 0, 82.60, 1
2014/08/24, 09:20:35, -41.404831, -71.567726, 964.29,  756.00, 106, 0, 24.35, 1
2014/08/24, 10:02:58, -41.405281, -71.567413, 952.54,  2124.00, 249, 0, 56.44, 1
2014/08/24, 10:48:14, -41.405212, -71.566437, 1008.91,  1584.00, 24, 0, 81.76, 1
2014/08/24, 11:52:01, -41.405602, -71.566505, 943.11,  612.00, 28, 0, 43.74, 1
2014/08/24, 12:59:35, -41.406315, -71.569366, 954.17,  360.00, 133, 0, 251.44, 1
2014/08/24, 14:02:54, -41.405357, -71.566788, 980.65,  216.00, 303, 0, 239.95, 1
2014/08/24, 14:34:09, -41.404762, -71.566536, 970.82,  1188.00, 146, 0, 69.42, 1
2014/08/24, 15:26:22, -41.405029, -71.566544, 946.86,  468.00, 84, 0, 29.70, 1
2014/08/24, 15:58:02, -41.405411, -71.566505, 951.10,  324.00, 225, 0, 42.60, 1
2014/08/24, 16:29:14, -41.405617, -71.566383, 934.65,  324.00, 32, 0, 25.06, 1
2014/08/24, 17:00:16, -41.406555, -71.566689, 927.16,  216.00, 58, 0, 107.38, 1
2014/08/24, 17:31:09, -41.406246, -71.567513, 954.67,  360.00, 341, 0, 76.83, 1
2014/08/24, 18:02:22, -41.405006, -71.566643, 974.85,  1692.00, 179, 0, 155.81, 1
2014/08/24, 18:42:51, -41.403793, -71.565155, 1126.38,  2628.00, 37, 0, 183.29, 1
2014/08/24, 19:14:10, -41.405457, -71.567635, 957.21,  540.00, 262, 0, 277.52, 1
2014/08/24, 19:51:58, -41.405376, -71.568153, 967.92,  324.00, 245, 0, 44.13, 1
2014/08/24, 20:22:04, -41.404728, -71.568336, 980.68,  972.00, 218, 0, 73.65, 1
2014/08/24, 20:52:24, -41.404629, -71.568466, 962.53,  396.00, 71, 0, 15.45, 1
2014/08/24, 21:22:56, -41.404533, -71.568497, 976.55,  540.00, 68, 0, 10.98, 1
2014/08/24, 22:16:04, -41.404484, -71.568428, 987.00,  144.00, 339, 0, 7.92, 1
2014/08/24, 23:16:43, -41.404648, -71.568321, 1037.32,  252.00, 247, -4, 20.30, 1
2014/08/25, 00:13:21, -41.404495, -71.568443, 993.30,  1224.00, 74, -2, 0.00, 1
2014/08/25, 00:53:03, -41.404530, -71.568527, 981.58,  252.00, 59, 0, 8.01, 1
2014/08/25, 01:34:17, -41.404613, -71.568405, 951.96,  0.00, 19, 0, 13.74, 1
2014/08/25, 02:04:10, -41.404560, -71.568520, 961.33,  720.00, 176, 0, 11.26, 1
2014/08/25, 02:34:10, -41.404575, -71.568130, 963.45,  360.00, 162, 0, 32.57, 1
2014/08/25, 03:05:38, -41.404549, -71.568100, 962.65,  144.00, 338, 0, 3.82, 1
2014/08/25, 04:06:02, -41.404938, -71.568657, 961.46,  72.00, 186, 0, 63.47, 1
2014/08/25, 05:13:08, -41.404877, -71.568771, 960.38,  540.00, 255, 0, 11.68, 1
2014/08/25, 05:42:50, -41.404881, -71.568794, 965.68,  252.00, 18, 0, 1.97, 1
2014/08/25, 06:12:31, -41.404869, -71.568764, 969.09,  0.00, 23, 0, 2.84, 1
2014/08/25, 06:42:30, -41.404953, -71.568924, 976.70,  828.00, 52, 0, 16.29, 1
2014/08/25, 07:16:05, -41.404865, -71.568748, 970.97,  900.00, 124, 0, 17.64, 1
2014/08/25, 07:56:46, -41.404896, -71.568733, 955.12,  504.00, 73, 0, 3.67, 1
2014/08/25, 08:26:22, -41.404537, -71.568024, 973.64,  0.00, 60, 0, 71.35, 1
2014/08/25, 08:56:06, -41.403332, -71.567574, 965.13,  108.00, 79, 0, 139.15, 1
2014/08/25, 09:25:58, -41.402981, -71.568008, 972.66,  2808.00, 256, 0, 53.23, 1
2014/08/25, 09:56:01, -41.402512, -71.568146, 977.31,  864.00, 85, 0, 53.41, 1
2014/08/25, 10:26:54, -41.402714, -71.568153, 985.53,  648.00, 83, 0, 22.47, 1
2014/08/25, 10:58:58, -41.402359, -71.568253, 964.99,  252.00, 9, 0, 40.35, 1
2014/08/25, 11:38:35, -41.402355, -71.567375, 976.80,  504.00, 184, 0, 73.23, 1
2014/08/25, 12:21:52, -41.402721, -71.567444, 984.99,  0.00, 359, 0, 41.10, 1
2014/08/25, 12:53:41, -41.403061, -71.567818, 976.09,  648.00, 51, 0, 49.01, 1
2014/08/25, 13:31:22, -41.403893, -71.569160, 978.21,  936.00, 117, 0, 145.21, 1
2014/08/25, 14:19:28, -41.403618, -71.568977, 951.36,  0.00, 77, 0, 34.18, 1
2014/08/25, 14:51:22, -41.403484, -71.569054, 972.31,  468.00, 21, 0, 16.23, 1
2014/08/25, 15:23:28, -41.403259, -71.569054, 968.79,  3240.00, 208, 0, 25.02, 1
2014/08/25, 15:56:05, -41.403214, -71.569031, 967.02,  432.00, 5, 0, 5.36, 1
2014/08/25, 16:28:44, -41.403206, -71.569725, 893.26,  1584.00, 240, 0, 57.89, 1
2014/08/25, 17:01:22, -41.402966, -71.568718, 974.22,  360.00, 25, 0, 88.13, 1
2014/08/25, 17:43:12, -41.401985, -71.567513, 967.83,  540.00, 104, 0, 148.32, 1
2014/08/25, 18:14:54, -41.401379, -71.567398, 984.88,  1152.00, 320, 0, 68.06, 1
2014/08/25, 18:46:24, -41.398067, -71.563057, 1342.76,  2808.00, 208, 0, 516.46, 1
2014/08/25, 19:25:55, -41.400917, -71.565956, 972.04,  1224.00, 26, 0, 398.62, 1
2014/08/25, 20:23:34, -41.400940, -71.565811, 963.65,  540.00, 16, 0, 12.36, 1
2014/08/25, 21:27:33, -41.401028, -71.565918, 955.29,  0.00, 77, 0, 13.24, 1
2014/08/25, 21:58:05, -41.401077, -71.566002, 973.62,  180.00, 40, 0, 8.88, 1
2014/08/25, 22:54:19, -41.400970, -71.566177, 1020.11,  432.00, 359, 0, 18.83, 1
2014/08/25, 23:44:49, -41.401127, -71.565987, 944.94,  756.00, 67, -4, 23.58, 1
2014/08/26, 00:27:57, -41.400860, -71.565903, 999.28,  756.00, 348, -2, 0.00, 1
2014/08/26, 01:19:15, -41.401016, -71.565971, 968.57,  0.00, 0, 0, 18.25, 1
2014/08/26, 01:49:03, -41.401249, -71.565948, 936.36,  720.00, 106, 0, 25.98, 1
2014/08/26, 02:19:22, -41.400917, -71.565926, 959.05,  288.00, 32, 0, 36.96, 1
2014/08/26, 03:20:59, -41.401257, -71.565948, 955.74,  0.00, 188, 0, 37.85, 1
2014/08/26, 03:50:59, -41.401020, -71.565926, 960.11,  396.00, 244, 0, 26.42, 1
2014/08/26, 04:21:29, -41.401031, -71.566017, 960.95,  144.00, 50, 0, 7.69, 1
2014/08/26, 05:09:55, -41.401039, -71.565956, 1004.16,  144.00, 22, 0, 5.17, 1
2014/08/26, 05:39:35, -41.401024, -71.565987, 966.90,  432.00, 237, 0, 3.08, 1
2014/08/26, 06:09:12, -41.401096, -71.566048, 955.19,  0.00, 226, 0, 9.49, 1
2014/08/26, 06:39:19, -41.401226, -71.566238, 952.96,  1332.00, 230, 0, 21.45, 1
2014/08/26, 07:09:52, -41.401028, -71.565933, 961.97,  288.00, 338, 0, 33.64, 1
2014/08/26, 07:49:02, -41.401001, -71.565926, 962.30,  108.00, 228, 0, 3.06, 1
2014/08/26, 08:18:50, -41.401039, -71.565979, 962.88,  324.00, 64, 0, 6.12, 1
2014/08/26, 08:48:50, -41.400387, -71.566200, 960.75,  1548.00, 33, 0, 74.81, 1
2014/08/26, 09:19:11, -41.400269, -71.566353, 977.97,  720.00, 334, 0, 18.30, 1
2014/08/26, 09:51:56, -41.400326, -71.567062, 981.50,  972.00, 145, 0, 59.48, 1
2014/08/26, 10:50:10, -41.400764, -71.566711, 994.68,  972.00, 266, 0, 56.83, 1
2014/08/26, 11:21:45, -41.401272, -71.567726, 986.35,  756.00, 2, 0, 101.77, 1
2014/08/26, 12:08:56, -41.401478, -71.568008, 1031.56,  2808.00, 306, 0, 32.83, 1
2014/08/26, 13:04:50, -41.401955, -71.569115, 962.84,  216.00, 355, 0, 106.48, 1
2014/08/26, 14:16:43, -41.402843, -71.568985, 966.99,  0.00, 9, 0, 99.33, 1
2014/08/26, 14:49:28, -41.402924, -71.569054, 973.30,  900.00, 21, 0, 10.69, 1
2014/08/26, 15:21:58, -41.402920, -71.568962, 969.05,  180.00, 136, 0, 7.69, 1
2014/08/26, 16:17:18, -41.403473, -71.569077, 983.06,  468.00, 155, 0, 62.23, 1
2014/08/26, 16:49:01, -41.403835, -71.569519, 967.38,  576.00, 0, 0, 54.58, 1
2014/08/26, 17:20:52, -41.404034, -71.570251, 951.97,  1152.00, 226, 0, 64.94, 1
2014/08/26, 17:59:26, -41.405251, -71.571007, 944.27,  288.00, 257, 0, 149.29, 1
2014/08/26, 18:54:44, -41.405136, -71.570267, 964.96,  324.00, 155, 0, 63.03, 1
2014/08/26, 19:26:40, -41.405315, -71.569984, 988.31,  216.00, 46, 0, 30.87, 1
2014/08/26, 19:57:50, -41.405483, -71.569710, 1002.38,  1332.00, 299, 0, 29.52, 1
2014/08/26, 20:29:06, -41.405548, -71.569725, 968.30,  3024.00, 50, 0, 7.34, 1
2014/08/26, 21:34:22, -41.405476, -71.569870, 971.80,  792.00, 36, 0, 14.50, 1
2014/08/26, 22:04:40, -41.405552, -71.569847, 978.73,  0.00, 81, 0, 8.67, 1
2014/08/26, 22:34:57, -41.405396, -71.569946, 974.86,  0.00, 333, 0, 19.21, 1
2014/08/26, 23:05:24, -41.405148, -71.570221, 1037.40,  900.00, 220, 0, 35.87, 1
2014/08/26, 23:48:52, -41.405380, -71.569916, 960.16,  216.00, 352, -4, 36.23, 1
2014/08/27, 00:19:06, -41.405357, -71.569679, 986.57,  612.00, 168, -2, 0.00, 1
2014/08/27, 00:49:58, -41.404781, -71.569595, 1030.78,  288.00, 277, 0, 64.43, 1
2014/08/27, 01:39:28, -41.405025, -71.569748, 979.36,  324.00, 161, 0, 29.98, 1
2014/08/27, 02:33:56, -41.405125, -71.569771, 956.19,  324.00, 350, 0, 11.28, 1
2014/08/27, 03:03:59, -41.405476, -71.569534, 980.23,  576.00, 38, 0, 43.75, 1
2014/08/27, 03:34:14, -41.405495, -71.569740, 951.45,  360.00, 195, 0, 17.31, 1
2014/08/27, 04:14:04, -41.405518, -71.569771, 961.60,  288.00, 158, 0, 3.64, 1
2014/08/27, 04:59:00, -41.405521, -71.569542, 1103.60,  216.00, 105, 0, 19.10, 1
2014/08/27, 05:29:02, -41.405495, -71.569794, 938.90,  792.00, 5, 0, 21.22, 1
2014/08/27, 05:59:19, -41.405483, -71.569778, 957.52,  180.00, 202, 0, 1.89, 1
2014/08/27, 06:29:53, -41.405476, -71.569687, 956.07,  648.00, 68, 0, 7.63, 1
2014/08/27, 07:07:20, -41.405502, -71.569740, 959.87,  288.00, 333, 0, 5.28, 1
2014/08/27, 07:37:34, -41.405529, -71.569725, 964.89,  828.00, 77, 0, 3.25, 1
2014/08/27, 08:14:52, -41.405624, -71.569710, 958.28,  1548.00, 231, 0, 10.64, 1
2014/08/27, 08:44:49, -41.406078, -71.570152, 960.45,  0.00, 312, 0, 62.51, 1
2014/08/27, 09:15:00, -41.406105, -71.570084, 958.07,  1116.00, 70, 0, 6.42, 1
2014/08/27, 09:45:19, -41.406204, -71.569649, 962.32,  0.00, 240, 0, 37.91, 1
2014/08/27, 10:16:03, -41.406075, -71.569923, 1008.55,  144.00, 60, 0, 26.98, 1
2014/08/27, 10:46:41, -41.406189, -71.569702, 964.95,  432.00, 155, 0, 22.37, 1
2014/08/27, 11:18:04, -41.406853, -71.570328, 958.79,  288.00, 23, 0, 90.43, 1
2014/08/27, 11:49:17, -41.406414, -71.570396, 970.03,  0.00, 27, 0, 49.14, 1
2014/08/27, 12:20:39, -41.406563, -71.570580, 932.25,  1980.00, 190, 0, 22.58, 1
2014/08/27, 12:52:25, -41.406456, -71.570152, 964.18,  468.00, 53, 0, 37.63, 1
2014/08/27, 13:25:27, -41.407745, -71.571136, 956.56,  396.00, 234, 0, 165.16, 1
2014/08/27, 14:19:20, -41.407566, -71.570923, 984.08,  576.00, 350, 0, 26.68, 1
2014/08/27, 14:51:34, -41.407101, -71.570572, 999.90,  684.00, 65, 0, 59.42, 1
2014/08/27, 15:37:13, -41.406998, -71.570694, 977.12,  0.00, 226, 0, 15.32, 1
2014/08/27, 16:09:03, -41.407372, -71.570602, 993.94,  2484.00, 204, 0, 42.29, 1
2014/08/27, 16:41:56, -41.407051, -71.570030, 969.43,  1152.00, 239, 0, 59.58, 1
2014/08/27, 17:34:58, -41.406296, -71.569832, 953.08,  612.00, 124, 0, 85.56, 1
2014/08/27, 18:07:12, -41.406555, -71.569351, 965.12,  1188.00, 250, 0, 49.38, 1
2014/08/27, 18:38:41, -41.406467, -71.569099, 1008.81,  360.00, 198, 0, 23.18, 1
2014/08/27, 19:10:44, -41.407433, -71.569061, 1033.42,  684.00, 110, 0, 107.46, 1
2014/08/27, 19:42:10, -41.408031, -71.569580, 934.24,  900.00, 158, 0, 79.34, 1
2014/08/27, 20:13:34, -41.407604, -71.568489, 967.23,  180.00, 148, 0, 102.63, 1
2014/08/27, 20:44:14, -41.407532, -71.568230, 1006.83,  360.00, 33, 0, 23.04, 1
2014/08/27, 21:14:39, -41.407749, -71.568527, 955.68,  0.00, 303, 0, 34.58, 1
2014/08/27, 21:45:09, -41.407818, -71.568283, 950.15,  864.00, 249, 0, 21.75, 1
2014/08/27, 22:28:12, -41.407753, -71.567314, 1009.83,  1548.00, 104, 0, 81.14, 1
2014/08/27, 22:58:32, -41.407295, -71.568153, 1282.86,  468.00, 135, 0, 86.54, 1
2014/08/27, 23:29:12, -41.406399, -71.567474, 1779.48,  900.00, 99, -4, 114.60, 1
2014/08/28, 00:32:26, -41.407566, -71.567139, 1005.05,  1152.00, 350, -2, 0.00, 1
2014/08/28, 01:03:06, -41.408188, -71.567215, 946.14,  0.00, 0, 0, 69.45, 1
2014/08/28, 02:07:05, -41.408054, -71.567108, 926.48,  720.00, 13, 0, 17.37, 1
2014/08/28, 02:37:19, -41.407856, -71.567032, 953.12,  324.00, 352, 0, 22.91, 1
2014/08/28, 03:30:34, -41.408001, -71.567741, 962.68,  216.00, 14, 0, 61.29, 1
2014/08/28, 04:30:47, -41.408001, -71.567856, 980.56,  0.00, 128, 0, 9.59, 1
2014/08/28, 05:00:40, -41.408005, -71.567787, 975.13,  432.00, 344, 0, 5.77, 1
2014/08/28, 05:30:23, -41.408012, -71.567734, 943.26,  504.00, 291, 0, 4.49, 1
2014/08/28, 06:00:09, -41.407940, -71.567703, 976.88,  180.00, 247, 0, 8.41, 1
2014/08/28, 06:30:10, -41.407856, -71.567497, 966.34,  144.00, 55, 0, 19.55, 1
2014/08/28, 07:00:23, -41.407951, -71.567711, 970.11,  180.00, 236, 0, 20.74, 1
2014/08/28, 07:41:05, -41.408047, -71.567772, 956.39,  324.00, 31, 0, 11.82, 1
2014/08/28, 08:10:43, -41.407974, -71.567741, 983.80,  180.00, 296, 0, 8.52, 1
2014/08/28, 08:40:24, -41.408005, -71.567719, 965.84,  648.00, 285, 0, 3.90, 1
2014/08/28, 09:10:34, -41.407738, -71.567604, 950.21,  504.00, 344, 0, 31.20, 1
2014/08/28, 09:41:12, -41.407822, -71.567192, 956.67,  504.00, 207, 0, 35.61, 1
2014/08/28, 10:28:57, -41.408794, -71.566917, 965.41,  468.00, 170, 0, 110.49, 1
2014/08/28, 11:35:50, -41.407574, -71.569031, 969.75,  1296.00, 62, 0, 222.45, 1
2014/08/28, 12:37:04, -41.407047, -71.570381, 976.28,  72.00, 85, 0, 126.93, 1
2014/08/28, 13:30:52, -41.406910, -71.570389, 969.34,  216.00, 128, 0, 15.25, 1
2014/08/28, 14:32:35, -41.412624, -71.570053, 1024.61,  144.00, 50, 0, 635.99, 1
2014/08/28, 15:04:54, -41.412621, -71.569901, 1007.99,  0.00, 211, 0, 12.68, 1
2014/08/28, 15:38:01, -41.412647, -71.569992, 1037.41,  3132.00, 58, 0, 8.12, 1
2014/08/28, 16:11:27, -41.411758, -71.567192, 1319.63,  0.00, 56, 0, 253.56, 1
2014/08/28, 16:44:30, -41.411564, -71.567230, 1050.70,  5364.00, 68, 0, 21.80, 1
2014/08/28, 17:19:34, -41.413513, -71.565582, 952.37,  432.00, 126, 0, 256.62, 1
2014/08/28, 18:06:30, -41.413822, -71.565933, 991.06,  828.00, 28, 0, 45.14, 1
2014/08/28, 18:51:08, -41.412865, -71.566269, 982.37,  108.00, 191, 0, 110.04, 1
2014/08/28, 19:22:41, -41.413795, -71.565735, 994.56,  1656.00, 9, 0, 112.59, 1
2014/08/28, 19:55:05, -41.413494, -71.564995, 999.00,  1224.00, 215, 0, 70.20, 1
2014/08/28, 20:26:06, -41.413452, -71.564987, 989.89,  144.00, 344, 0, 4.72, 1
2014/08/28, 20:56:58, -41.413532, -71.564629, 1122.37,  180.00, 39, 0, 31.15, 1
2014/08/28, 21:28:05, -41.413620, -71.564957, 985.33,  612.00, 106, 0, 29.05, 1
2014/08/28, 21:59:01, -41.413551, -71.564987, 999.99,  324.00, 34, 0, 8.07, 1
2014/08/28, 22:54:11, -41.413452, -71.565071, 1016.06,  0.00, 23, 0, 13.05, 1
2014/08/28, 23:24:51, -41.413391, -71.565002, 1046.27,  864.00, 262, 0, 8.89, 1
2014/08/28, 23:55:34, -41.413338, -71.565056, 1008.13,  0.00, 346, -4, 7.42, 1
2014/08/29, 00:26:07, -41.413532, -71.565361, 1004.07,  0.00, 206, -2, 0.00, 1
2014/08/29, 00:58:11, -41.413914, -71.565765, 995.82,  504.00, 166, 0, 54.21, 1
2014/08/29, 02:03:33, -41.413868, -71.565788, 996.56,  648.00, 271, 0, 5.46, 1
2014/08/29, 02:34:00, -41.413975, -71.565727, 952.53,  1116.00, 105, 0, 12.94, 1
2014/08/29, 03:04:34, -41.413818, -71.565964, 990.79,  1188.00, 48, 0, 26.37, 1
2014/08/29, 04:00:03, -41.413685, -71.565140, 1009.22,  2016.00, 80, 0, 70.29, 1
2014/08/29, 04:55:33, -41.413975, -71.565323, 998.94,  684.00, 343, 0, 35.68, 1
2014/08/29, 05:52:29, -41.413876, -71.565247, 982.10,  0.00, 67, 0, 12.70, 1
2014/08/29, 06:22:43, -41.413918, -71.565331, 1001.36,  216.00, 117, 0, 8.42, 1
2014/08/29, 06:52:57, -41.413837, -71.565376, 996.12,  900.00, 318, 0, 9.76, 1
2014/08/29, 07:23:34, -41.413857, -71.565315, 981.87,  36.00, 93, 0, 5.55, 1
2014/08/29, 08:01:17, -41.413876, -71.565445, 987.53,  0.00, 339, 0, 11.04, 1
2014/08/29, 08:31:38, -41.413464, -71.565208, 989.25,  792.00, 40, 0, 49.89, 1
2014/08/29, 09:02:10, -41.413876, -71.562874, 999.81,  36.00, 306, 0, 199.95, 1
2014/08/29, 09:33:22, -41.412876, -71.562027, 1011.83,  612.00, 13, 0, 131.73, 1
2014/08/29, 10:08:06, -41.412266, -71.561951, 974.50,  2448.00, 308, 0, 68.12, 1
2014/08/29, 10:39:11, -41.412464, -71.562035, 958.03,  0.00, 316, 0, 23.10, 1
2014/08/29, 11:11:14, -41.412640, -71.561935, 1014.63,  576.00, 0, 0, 21.27, 1
2014/08/29, 12:04:06, -41.409187, -71.561462, 1023.68,  1080.00, 41, 0, 385.98, 1
2014/08/29, 12:58:41, -41.410152, -71.560844, 1035.40,  972.00, 35, 0, 119.04, 1
2014/08/29, 13:30:53, -41.410103, -71.560905, 1020.98,  72.00, 349, 0, 7.45, 1
2014/08/29, 14:02:25, -41.410046, -71.560959, 1025.57,  252.00, 16, 0, 7.78, 1
2014/08/29, 14:33:53, -41.410034, -71.560913, 1015.65,  0.00, 101, 0, 4.06, 1
2014/08/29, 15:05:21, -41.410160, -71.561218, 1020.27,  0.00, 233, 0, 29.04, 1
2014/08/29, 15:36:53, -41.410698, -71.562515, 1004.86,  0.00, 333, 0, 123.60, 1
2014/08/29, 16:09:11, -41.410252, -71.562248, 1012.26,  1152.00, 196, 0, 54.36, 1
2014/08/29, 17:01:26, -41.411106, -71.562698, 991.08,  360.00, 23, 0, 102.11, 1
2014/08/29, 17:33:07, -41.411163, -71.562744, 994.06,  216.00, 109, 0, 7.41, 1
2014/08/29, 18:04:47, -41.409454, -71.562279, 1022.44,  180.00, 237, 0, 193.95, 1
2014/08/29, 18:48:00, -41.408863, -71.562019, 1012.28,  972.00, 165, 0, 69.20, 1
2014/08/29, 19:21:10, -41.411057, -71.562119, 1006.09,  4068.00, 180, 0, 244.10, 1
2014/08/29, 19:52:41, -41.409775, -71.562546, 1016.98,  612.00, 59, 0, 146.93, 1
2014/08/29, 20:23:51, -41.409466, -71.562485, 1013.11,  540.00, 7, 0, 34.73, 1
2014/08/29, 20:55:08, -41.409462, -71.562500, 1022.80,  10656.00, 87, 0, 1.33, 1
2014/08/29, 21:57:28, -41.409466, -71.562515, 1029.44,  684.00, 352, 0, 1.33, 1
2014/08/29, 22:55:23, -41.409409, -71.562317, 988.53,  432.00, 166, 0, 17.69, 1
2014/08/29, 23:50:52, -41.409512, -71.562454, 1003.30,  360.00, 203, -4, 16.18, 1
2014/08/30, 00:21:42, -41.409439, -71.562416, 1020.31,  1080.00, 9, -2, 0.00, 1
2014/08/30, 01:16:26, -41.409698, -71.562645, 990.85,  540.00, 358, 0, 34.56, 1
2014/08/30, 01:49:06, -41.409481, -71.562469, 1001.33,  576.00, 275, 0, 28.24, 1
2014/08/30, 02:53:29, -41.409721, -71.562614, 992.10,  900.00, 335, 0, 29.30, 1
2014/08/30, 03:37:05, -41.409554, -71.562637, 1015.65,  180.00, 129, 0, 18.67, 1
2014/08/30, 04:08:02, -41.409679, -71.562561, 1015.49,  396.00, 72, 0, 15.28, 1
2014/08/30, 04:39:18, -41.409615, -71.562576, 1024.84,  540.00, 44, 0, 7.23, 1
2014/08/30, 05:43:25, -41.409481, -71.562508, 1002.16,  1116.00, 25, 0, 15.94, 1
2014/08/30, 06:14:14, -41.409618, -71.562531, 1001.01,  252.00, 144, 0, 15.35, 1
2014/08/30, 06:44:58, -41.409492, -71.562584, 1025.75,  324.00, 72, 0, 14.69, 1
2014/08/30, 07:16:04, -41.409470, -71.562576, 1001.95,  180.00, 313, 0, 2.54, 1
2014/08/30, 07:58:05, -41.409618, -71.562515, 1017.75,  576.00, 143, 0, 17.23, 1
2014/08/30, 08:28:42, -41.409855, -71.562294, 1004.21,  684.00, 122, 0, 32.16, 1
2014/08/30, 08:59:29, -41.410080, -71.561340, 1052.95,  504.00, 224, 0, 83.40, 1
2014/08/30, 09:32:35, -41.410080, -71.561745, 1009.14,  1296.00, 82, 0, 33.78, 1
2014/08/30, 10:13:29, -41.412415, -71.562485, 994.87,  1872.00, 130, 0, 266.87, 1
2014/08/30, 11:01:57, -41.414425, -71.562943, 1027.50,  504.00, 313, 0, 226.74, 1
2014/08/30, 11:52:07, -41.414631, -71.562592, 1008.99,  684.00, 190, 0, 37.17, 1
2014/08/30, 12:24:18, -41.414692, -71.563721, 991.54,  1584.00, 94, 0, 94.39, 1
2014/08/30, 13:31:03, -41.417820, -71.564758, 1004.59,  2412.00, 269, 0, 358.41, 1
2014/08/30, 14:34:36, -41.416950, -71.568352, 969.44,  0.00, 141, 0, 314.92, 1
2014/08/30, 15:05:56, -41.416508, -71.569183, 985.71,  252.00, 343, 0, 84.95, 1
2014/08/30, 15:38:05, -41.415981, -71.568741, 987.24,  2664.00, 87, 0, 69.23, 1
2014/08/30, 16:10:34, -41.416206, -71.568840, 941.92,  108.00, 95, 0, 26.35, 1
2014/08/30, 16:42:47, -41.416161, -71.568756, 976.02,  0.00, 134, 0, 8.61, 1
2014/08/30, 17:15:26, -41.416996, -71.568764, 1001.35,  180.00, 142, 0, 92.85, 1
2014/08/30, 17:46:54, -41.416576, -71.568123, 996.52,  720.00, 143, 0, 70.98, 1
2014/08/30, 18:18:09, -41.415665, -71.568405, 985.53,  1044.00, 325, 0, 103.99, 1
2014/08/30, 18:49:30, -41.415234, -71.568138, 975.03,  576.00, 42, 0, 52.84, 1
2014/08/30, 19:21:39, -41.414818, -71.567917, 989.56,  72.00, 226, 0, 49.79, 1
2014/08/30, 20:21:22, -41.414871, -71.568230, 997.80,  252.00, 274, 0, 26.76, 1
2014/08/30, 20:52:26, -41.414841, -71.568115, 986.65,  396.00, 301, 0, 10.15, 1
2014/08/30, 21:40:34, -41.414829, -71.568176, 990.53,  288.00, 165, 0, 5.26, 1
2014/08/30, 22:35:50, -41.414810, -71.568214, 983.80,  0.00, 358, 0, 3.81, 1
2014/08/30, 23:06:11, -41.414757, -71.568222, 1014.38,  1116.00, 52, 0, 5.93, 1
2014/08/30, 23:36:34, -41.414509, -71.567902, 1054.05,  0.00, 51, -4, 38.37, 1
2014/08/31, 00:06:53, -41.414902, -71.568092, 1006.38,  216.00, 349, -2, 0.00, 1
2014/08/31, 00:37:34, -41.414703, -71.568176, 950.42,  648.00, 0, 0, 23.21, 1
2014/08/31, 01:13:32, -41.414673, -71.568329, 1046.86,  936.00, 153, 0, 13.19, 1
2014/08/31, 01:56:56, -41.414829, -71.568138, 1020.95,  504.00, 42, 0, 23.55, 1
2014/08/31, 02:36:39, -41.414928, -71.568443, 967.01,  216.00, 141, 0, 27.71, 1
2014/08/31, 03:07:18, -41.414581, -71.568108, 1018.08,  216.00, 271, 0, 47.64, 1
2014/08/31, 03:43:34, -41.414776, -71.568169, 1001.33,  540.00, 294, 0, 22.27, 1
2014/08/31, 04:30:40, -41.415012, -71.568130, 920.34,  936.00, 121, 0, 26.44, 1
2014/08/31, 05:13:56, -41.415009, -71.568207, 1006.93,  216.00, 220, 0, 6.43, 1
2014/08/31, 05:55:34, -41.414951, -71.568047, 996.75,  684.00, 165, 0, 14.82, 1
2014/08/31, 06:42:24, -41.414875, -71.568230, 968.10,  0.00, 285, 0, 17.44, 1
2014/08/31, 07:12:43, -41.414909, -71.568222, 979.74,  1440.00, 321, 0, 3.84, 1
2014/08/31, 07:52:08, -41.414764, -71.567902, 1011.09,  792.00, 229, 0, 31.18, 1
2014/08/31, 08:35:01, -41.414860, -71.567787, 986.26,  1080.00, 235, 0, 14.35, 1
2014/08/31, 09:05:38, -41.414261, -71.568153, 988.52,  1116.00, 287, 0, 73.27, 1
2014/08/31, 09:36:28, -41.413498, -71.567596, 993.40,  1296.00, 171, 0, 96.72, 1
2014/08/31, 10:07:04, -41.412502, -71.567146, 974.33,  1584.00, 229, 0, 116.94, 1
2014/08/31, 10:37:49, -41.412304, -71.566528, 962.50,  1296.00, 22, 0, 56.04, 1
2014/08/31, 11:09:32, -41.411907, -71.565178, 984.10,  1260.00, 4, 0, 120.93, 1
2014/08/31, 12:15:37, -41.410976, -71.563637, 985.51,  576.00, 88, 0, 165.02, 1
2014/08/31, 13:22:13, -41.411488, -71.564133, 980.88,  1188.00, 29, 0, 70.37, 1
2014/08/31, 13:54:07, -41.411762, -71.563828, 1006.00,  2160.00, 28, 0, 39.69, 1
2014/08/31, 14:26:59, -41.411564, -71.564056, 981.60,  2196.00, 98, 0, 29.09, 1
2014/08/31, 14:59:39, -41.411812, -71.564011, 964.85,  1224.00, 196, 0, 27.83, 1
2014/08/31, 15:31:52, -41.411716, -71.563988, 967.83,  432.00, 210, 0, 10.85, 1
2014/08/31, 16:43:21, -41.410755, -71.564178, 992.88,  72.00, 214, 0, 108.03, 1
2014/08/31, 17:16:02, -41.410866, -71.563141, 984.80,  828.00, 212, 0, 87.36, 1
2014/08/31, 17:47:37, -41.411003, -71.563324, 982.41,  324.00, 158, 0, 21.56, 1
2014/08/31, 18:19:34, -41.410759, -71.563263, 993.96,  828.00, 29, 0, 27.60, 1
2014/08/31, 19:27:54, -41.410667, -71.563293, 989.69,  0.00, 0, 0, 10.53, 1
2014/08/31, 19:59:13, -41.411308, -71.564117, 988.60,  1728.00, 310, 0, 99.01, 1
2014/08/31, 20:44:14, -41.411175, -71.563980, 1014.95,  756.00, 48, 0, 18.69, 1
2014/08/31, 21:38:34, -41.411266, -71.564278, 980.47,  684.00, 343, 0, 26.83, 1
2014/08/31, 22:36:10, -41.411171, -71.564323, 980.80,  180.00, 348, 0, 11.21, 1
2014/08/31, 23:07:29, -41.411175, -71.564293, 970.27,  252.00, 162, 0, 2.54, 1
2014/08/31, 23:55:23, -41.411095, -71.564285, 992.04,  0.00, 23, -4, 8.92, 1
2014/09/01, 00:26:00, -41.411263, -71.564369, 982.11,  0.00, 136, -2, 0.00, 1
2014/09/01, 00:56:55, -41.411587, -71.564026, 966.71,  612.00, 159, 0, 46.00, 1
2014/09/01, 01:36:37, -41.411201, -71.564240, 974.34,  648.00, 63, 0, 46.48, 1
2014/09/01, 02:07:25, -41.411152, -71.564240, 1000.06,  648.00, 90, 0, 5.45, 1
2014/09/01, 02:38:15, -41.411251, -71.564339, 973.65,  504.00, 34, 0, 13.76, 1
2014/09/01, 03:10:15, -41.411198, -71.564278, 975.73,  468.00, 157, 0, 7.79, 1
2014/09/01, 03:41:35, -41.411121, -71.564384, 982.77,  1008.00, 352, 0, 12.31, 1
2014/09/01, 04:12:34, -41.411194, -71.564323, 968.90,  216.00, 100, 0, 9.58, 1
2014/09/01, 04:43:05, -41.411221, -71.564323, 984.38,  0.00, 171, 0, 3.00, 1
2014/09/01, 05:13:35, -41.411182, -71.564377, 1000.68,  1620.00, 61, 0, 6.25, 1
2014/09/01, 05:44:04, -41.411175, -71.564293, 993.55,  0.00, 37, 0, 7.05, 1
2014/09/01, 06:14:35, -41.411167, -71.564301, 987.70,  0.00, 91, 0, 1.11, 1
2014/09/01, 06:45:10, -41.411217, -71.564232, 970.66,  864.00, 275, 0, 8.00, 1
2014/09/01, 07:16:04, -41.411228, -71.564217, 978.93,  396.00, 177, 0, 1.75, 1
2014/09/01, 07:53:57, -41.411243, -71.564308, 990.95,  0.00, 1, 0, 7.77, 1
2014/09/01, 08:24:14, -41.411098, -71.564339, 1007.79,  0.00, 0, 0, 16.33, 1
2014/09/01, 08:54:43, -41.411217, -71.564331, 979.57,  900.00, 86, 0, 13.25, 1
2014/09/01, 09:25:33, -41.410992, -71.563560, 989.57,  684.00, 199, 0, 68.99, 1
2014/09/01, 09:56:13, -41.411228, -71.563736, 981.71,  1188.00, 204, 0, 30.07, 1
2014/09/01, 10:27:19, -41.407677, -71.554482, 1735.41,  2520.00, 55, 0, 866.90, 1
2014/09/01, 11:00:16, -41.410812, -71.563690, 983.78,  396.00, 57, 0, 843.34, 1
2014/09/01, 11:43:23, -41.410557, -71.563484, 983.16,  1008.00, 11, 0, 33.15, 1
2014/09/01, 12:31:59, -41.410252, -71.563194, 1018.27,  0.00, 120, 0, 41.65, 1
2014/09/01, 13:03:04, -41.410389, -71.563026, 986.40,  576.00, 357, 0, 20.70, 1
2014/09/01, 13:34:05, -41.410290, -71.563049, 996.63,  2268.00, 184, 0, 11.17, 1
2014/09/01, 14:05:24, -41.409866, -71.561691, 1034.07,  1260.00, 26, 0, 122.67, 1
2014/09/01, 14:40:34, -41.410381, -71.562050, 999.01,  1440.00, 216, 0, 64.62, 1
2014/09/01, 15:23:40, -41.406071, -71.550880, 2586.07,  1404.00, 186, 0, 1047.61, 1
2014/09/01, 16:09:07, -41.409687, -71.558922, 2456.85,  1152.00, 96, 0, 781.98, 1
2014/09/01, 17:15:41, -41.408379, -71.561577, 1021.28,  2304.00, 83, 0, 264.92, 1
2014/09/01, 17:48:10, -41.408978, -71.560860, 1022.29,  288.00, 212, 0, 89.51, 1
2014/09/01, 18:20:37, -41.408573, -71.560997, 1018.06,  396.00, 151, 0, 46.46, 1
2014/09/01, 18:51:44, -41.407631, -71.560944, 1018.91,  720.00, 145, 0, 104.84, 1
2014/09/01, 19:23:14, -41.407646, -71.561012, 1023.34,  108.00, 290, 0, 5.91, 1
2014/09/01, 19:56:28, -41.407738, -71.561523, 1029.55,  648.00, 279, 0, 43.83, 1
2014/09/01, 20:55:22, -41.406441, -71.561623, 1016.22,  288.00, 13, 0, 144.46, 1
2014/09/01, 21:26:28, -41.406475, -71.561615, 1007.89,  72.00, 295, 0, 3.84, 1
2014/09/01, 21:57:00, -41.406536, -71.561569, 1015.78,  4608.00, 120, 0, 7.79, 1
2014/09/01, 22:27:50, -41.406815, -71.558853, 1374.03,  540.00, 341, 0, 228.63, 1
2014/09/01, 23:27:22, -41.406433, -71.561615, 1014.74,  432.00, 198, -4, 234.23, 1
2014/09/02, 00:34:22, -41.406487, -71.561569, 1012.85,  324.00, 70, -2, 0.00, 1
2014/09/02, 01:04:42, -41.406563, -71.561584, 992.22,  828.00, 122, 0, 8.54, 1
2014/09/02, 01:35:04, -41.406609, -71.561607, 974.83,  540.00, 205, 0, 5.46, 1
2014/09/02, 02:05:21, -41.406452, -71.561584, 1008.79,  468.00, 187, 0, 17.56, 1
2014/09/02, 02:35:51, -41.406509, -71.561829, 1006.24,  828.00, 276, 0, 21.39, 1
2014/09/02, 03:10:22, -41.406464, -71.561630, 1020.14,  468.00, 239, 0, 17.33, 1
2014/09/02, 03:58:14, -41.406544, -71.561523, 994.88,  756.00, 136, 0, 12.60, 1
2014/09/02, 04:54:54, -41.406464, -71.561623, 991.37,  720.00, 214, 0, 12.19, 1
2014/09/02, 05:25:10, -41.406498, -71.561646, 1023.66,  108.00, 213, 0, 4.24, 1
2014/09/02, 05:55:39, -41.406414, -71.561592, 1010.35,  936.00, 44, 0, 10.37, 1
2014/09/02, 06:37:34, -41.406448, -71.561562, 1025.49,  252.00, 260, 0, 4.53, 1
2014/09/02, 07:28:21, -41.406399, -71.561424, 1052.18,  612.00, 249, 0, 12.73, 1
2014/09/02, 08:19:34, -41.406517, -71.563324, 1010.78,  936.00, 240, 0, 159.00, 1
2014/09/02, 09:12:15, -41.407665, -71.568687, 1548.17,  468.00, 162, 0, 465.13, 1
2014/09/02, 09:43:04, -41.407719, -71.567383, 1072.06,  468.00, 341, 0, 108.92, 1
2014/09/02, 10:13:52, -41.406288, -71.568115, 955.32,  504.00, 81, 0, 170.43, 1
2014/09/02, 10:44:45, -41.406734, -71.568031, 953.33,  972.00, 141, 0, 50.09, 1
2014/09/02, 11:16:18, -41.406406, -71.569702, 954.30,  684.00, 249, 0, 144.06, 1
2014/09/02, 12:13:20, -41.406116, -71.571037, 962.15,  2160.00, 319, 0, 115.92, 1
2014/09/02, 12:44:37, -41.405647, -71.570984, 956.47,  432.00, 267, 0, 52.34, 1
2014/09/02, 13:16:04, -41.405334, -71.570877, 974.43,  108.00, 196, 0, 35.93, 1
2014/09/02, 14:22:30, -41.405460, -71.571182, 956.63,  108.00, 192, 0, 29.04, 1
2014/09/02, 15:17:04, -41.406109, -71.570961, 958.21,  864.00, 178, 0, 74.48, 1
2014/09/02, 16:15:24, -41.407238, -71.570839, 977.55,  684.00, 68, 0, 125.95, 1
2014/09/02, 17:25:29, -41.408382, -71.571205, 963.67,  3528.00, 191, 0, 130.82, 1
2014/09/02, 18:31:28, -41.408951, -71.569260, 965.69,  540.00, 193, 0, 174.11, 1
2014/09/02, 19:39:04, -41.408936, -71.569290, 955.87,  648.00, 340, 0, 3.01, 1
2014/09/02, 20:42:47, -41.408680, -71.569374, 987.28,  1008.00, 31, 0, 29.32, 1
2014/09/02, 21:44:34, -41.408985, -71.570114, 987.68,  108.00, 73, 0, 70.42, 1
2014/09/02, 22:49:11, -41.408966, -71.570122, 1008.63,  0.00, 68, 0, 2.22, 1
2014/09/02, 23:19:33, -41.408981, -71.570068, 986.87,  180.00, 253, 0, 4.80, 1
2014/09/02, 23:49:57, -41.409321, -71.570076, 989.88,  0.00, 206, -4, 37.81, 1
2014/09/03, 00:20:22, -41.409054, -71.570038, 974.75,  0.00, 56, -2, 0.00, 1
2014/09/03, 00:51:41, -41.409016, -71.570038, 978.83,  540.00, 206, 0, 4.23, 1
2014/09/03, 01:41:38, -41.409126, -71.570084, 947.22,  288.00, 187, 0, 12.82, 1
2014/09/03, 02:44:30, -41.409111, -71.570206, 953.54,  684.00, 177, 0, 10.31, 1
2014/09/03, 03:37:58, -41.409088, -71.570076, 966.55,  504.00, 314, 0, 11.14, 1
2014/09/03, 04:31:13, -41.409184, -71.570045, 980.54,  396.00, 128, 0, 10.98, 1
2014/09/03, 05:20:31, -41.409119, -71.570152, 958.84,  252.00, 95, 0, 11.48, 1
2014/09/03, 05:51:07, -41.409176, -71.570198, 955.46,  540.00, 29, 0, 7.41, 1
2014/09/03, 06:35:03, -41.409004, -71.570061, 975.68,  180.00, 253, 0, 22.28, 1
2014/09/03, 07:27:58, -41.409000, -71.570007, 993.72,  432.00, 289, 0, 4.53, 1
2014/09/03, 07:58:17, -41.409031, -71.570038, 966.73,  108.00, 342, 0, 4.31, 1
2014/09/03, 08:28:51, -41.408733, -71.570732, 1016.38,  540.00, 125, 0, 66.69, 1
2014/09/03, 09:07:04, -41.406788, -71.570534, 973.15,  360.00, 87, 0, 216.90, 1
2014/09/03, 09:48:55, -41.406288, -71.570198, 971.38,  720.00, 281, 0, 62.26, 1
2014/09/03, 10:19:37, -41.406322, -71.570457, 960.57,  432.00, 75, 0, 21.93, 1
2014/09/03, 10:50:26, -41.406055, -71.570297, 952.03,  828.00, 180, 0, 32.55, 1
2014/09/03, 11:21:31, -41.406044, -71.570564, 974.79,  324.00, 117, 0, 22.30, 1
2014/09/03, 11:52:40, -41.405300, -71.570938, 966.56,  0.00, 169, 0, 88.41, 1
2014/09/03, 12:24:00, -41.405285, -71.571121, 968.98,  756.00, 316, 0, 15.35, 1
2014/09/03, 12:55:34, -41.404568, -71.572144, 961.04,  756.00, 162, 0, 116.77, 1
2014/09/03, 13:31:05, -41.404476, -71.572327, 971.32,  144.00, 217, 0, 18.37, 1
2014/09/03, 14:15:43, -41.404213, -71.572044, 962.29,  0.00, 52, 0, 37.58, 1
2014/09/03, 14:46:41, -41.403706, -71.572701, 962.20,  0.00, 216, 0, 78.62, 1
2014/09/03, 15:18:20, -41.403500, -71.572464, 966.64,  288.00, 333, 0, 30.26, 1
2014/09/03, 15:57:06, -41.403454, -71.572731, 963.77,  0.00, 342, 0, 22.85, 1
2014/09/03, 16:27:59, -41.404442, -71.572548, 968.51,  0.00, 262, 0, 110.92, 1
2014/09/03, 16:58:58, -41.404831, -71.571838, 964.64,  1368.00, 126, 0, 73.33, 1
2014/09/03, 17:30:32, -41.404800, -71.572304, 964.89,  2664.00, 331, 0, 39.02, 1
2014/09/03, 18:05:01, -41.404766, -71.571777, 953.31,  1152.00, 227, 0, 44.12, 1
2014/09/03, 18:35:25, -41.406860, -71.570221, 968.63,  468.00, 234, 0, 266.56, 1
2014/09/03, 19:06:18, -41.407093, -71.569969, 992.52,  828.00, 97, 0, 33.36, 1
2014/09/03, 19:46:38, -41.407093, -71.569969, 992.52,  828.00, 97, 0, 0.00, 1
2014/09/03, 20:18:06, -41.407539, -71.568230, 1019.58,  360.00, 353, 0, 153.28, 1
2014/09/03, 20:48:49, -41.407825, -71.568588, 948.85,  1188.00, 119, 0, 43.62, 1
2014/09/03, 21:26:34, -41.407726, -71.568687, 948.91,  1296.00, 4, 0, 13.76, 1
2014/09/03, 22:02:06, -41.407825, -71.568657, 954.73,  0.00, 269, 0, 11.29, 1
2014/09/03, 22:32:48, -41.407738, -71.568687, 947.50,  72.00, 343, 0, 9.99, 1
2014/09/03, 23:03:30, -41.407757, -71.568657, 946.29,  684.00, 188, 0, 3.27, 1
2014/09/03, 23:34:34, -41.407787, -71.568741, 954.79,  540.00, 21, -4, 7.76, 1
2014/09/04, 00:05:02, -41.407799, -71.568665, 950.98,  0.00, 358, -2, 0.00, 1
2014/09/04, 00:35:32, -41.407677, -71.568665, 936.61,  0.00, 189, 0, 13.57, 1
2014/09/04, 01:06:16, -41.407566, -71.568405, 947.53,  1080.00, 10, 0, 24.95, 1
2014/09/04, 01:41:59, -41.407227, -71.568466, 944.40,  1188.00, 63, 0, 38.04, 1
2014/09/04, 02:32:53, -41.407074, -71.568428, 956.48,  900.00, 33, 0, 17.31, 1
2014/09/04, 03:27:58, -41.407818, -71.568657, 939.79,  1512.00, 19, 0, 84.90, 1
2014/09/04, 03:58:40, -41.407829, -71.568680, 968.85,  1728.00, 191, 0, 2.27, 1
2014/09/04, 04:29:12, -41.409969, -71.568062, 1962.88,  972.00, 37, 0, 243.47, 1
2014/09/04, 04:59:12, -41.407833, -71.568634, 958.93,  720.00, 307, 0, 242.26, 1
2014/09/04, 05:29:23, -41.407825, -71.568710, 949.39,  1080.00, 231, 0, 6.40, 1
2014/09/04, 06:35:05, -41.407795, -71.568649, 947.16,  396.00, 164, 0, 6.08, 1
2014/09/04, 07:05:09, -41.407703, -71.568764, 926.26,  288.00, 6, 0, 14.02, 1
2014/09/04, 07:35:15, -41.407776, -71.568718, 941.89,  396.00, 313, 0, 8.98, 1
2014/09/04, 08:05:46, -41.407955, -71.568855, 926.59,  1980.00, 310, 0, 22.95, 1
2014/09/04, 08:47:35, -41.407337, -71.569496, 976.82,  8388.00, 115, 0, 87.06, 1
2014/09/04, 09:37:59, -41.406593, -71.569817, 1012.45,  648.00, 179, 0, 86.95, 1
2014/09/04, 10:46:42, -41.406700, -71.570137, 997.54,  468.00, 109, 0, 29.22, 1
2014/09/04, 11:54:35, -41.404434, -71.571030, 957.95,  1656.00, 265, 0, 262.74, 1
2014/09/04, 12:58:52, -41.403187, -71.572021, 952.42,  1584.00, 261, 0, 161.43, 1
2014/09/04, 14:08:50, -41.403400, -71.571907, 981.62,  900.00, 247, 0, 25.52, 1
2014/09/04, 15:16:36, -41.403553, -71.571938, 968.12,  0.00, 12, 0, 17.21, 1
2014/09/04, 15:47:34, -41.403580, -71.572052, 972.74,  1224.00, 237, 0, 9.97, 1
2014/09/04, 16:18:28, -41.406902, -71.570435, 962.64,  1224.00, 34, 0, 393.24, 1
2014/09/04, 17:04:04, -41.406879, -71.570778, 969.63,  3348.00, 220, 0, 28.72, 1
2014/09/04, 18:05:07, -41.406849, -71.570503, 964.05,  216.00, 195, 0, 23.18, 1
2014/09/04, 19:13:26, -41.409016, -71.569832, 1520.17,  504.00, 134, 0, 247.37, 1
2014/09/04, 20:20:05, -41.406990, -71.570404, 968.24,  360.00, 262, 0, 230.28, 1
2014/09/04, 20:50:57, -41.406975, -71.570381, 955.76,  108.00, 62, 0, 2.54, 1
2014/09/04, 21:22:34, -41.407047, -71.570282, 945.05,  504.00, 133, 0, 11.50, 1
2014/09/04, 21:59:47, -41.407005, -71.570305, 976.43,  0.00, 33, 0, 5.05, 1
2014/09/04, 22:30:16, -41.406788, -71.570099, 982.06,  0.00, 234, 0, 29.62, 1
2014/09/04, 23:00:43, -41.407070, -71.570457, 947.34,  1116.00, 226, 0, 43.30, 1
2014/09/04, 23:32:33, -41.406315, -71.571663, 958.56,  864.00, 156, -4, 131.01, 1
2014/09/05, 00:03:07, -41.406235, -71.571648, 951.48,  576.00, 215, -2, 0.00, 1
2014/09/05, 00:33:39, -41.406006, -71.571678, 960.18,  324.00, 144, 0, 25.59, 1
2014/09/05, 01:06:11, -41.405891, -71.572708, 988.94,  648.00, 209, 0, 86.85, 1
2014/09/05, 02:12:38, -41.406334, -71.574051, 981.70,  612.00, 58, 0, 122.36, 1
2014/09/05, 02:43:42, -41.406193, -71.574318, 971.96,  2160.00, 99, 0, 27.23, 1
2014/09/05, 03:17:38, -41.406193, -71.574318, 971.96,  2160.00, 99, 0, 0.00, 1
2014/09/05, 03:50:21, -41.406570, -71.574776, 967.98,  1224.00, 234, 0, 56.71, 1
2014/09/05, 04:24:51, -41.406963, -71.575409, 1126.62,  324.00, 61, 0, 68.53, 1
2014/09/05, 05:20:30, -41.406067, -71.574905, 945.62,  288.00, 151, 0, 108.13, 1
2014/09/05, 05:53:35, -41.406658, -71.574738, 1012.05,  2664.00, 339, 0, 67.18, 1
2014/09/05, 06:59:25, -41.406635, -71.575012, 1003.77,  7920.00, 189, 0, 22.99, 1
2014/09/05, 07:30:32, -41.406357, -71.574852, 956.45,  216.00, 75, 0, 33.67, 1
2014/09/05, 08:01:16, -41.406368, -71.574799, 961.73,  1116.00, 75, 0, 4.59, 1
2014/09/05, 08:32:28, -41.406357, -71.575012, 970.10,  612.00, 148, 0, 17.81, 1
2014/09/05, 09:39:19, -41.405983, -71.573151, 975.36,  1440.00, 336, 0, 160.68, 1
2014/09/05, 10:39:44, -41.406223, -71.572441, 959.56,  540.00, 225, 0, 64.95, 1
2014/09/05, 11:10:35, -41.406727, -71.570663, 975.62,  144.00, 78, 0, 158.52, 1
2014/09/05, 11:41:17, -41.406754, -71.570740, 966.17,  540.00, 185, 0, 7.09, 1
2014/09/05, 12:12:38, -41.406506, -71.570511, 1003.86,  396.00, 100, 0, 33.54, 1
2014/09/05, 12:43:17, -41.406418, -71.570587, 987.92,  756.00, 185, 0, 11.66, 1
2014/09/05, 13:13:40, -41.406677, -71.573471, 985.38,  3204.00, 236, 0, 242.24, 1
2014/09/05, 13:43:59, -41.406490, -71.573784, 994.12,  1404.00, 114, 0, 33.37, 1
2014/09/05, 14:27:32, -41.403675, -71.569786, 1439.15,  9648.00, 349, 0, 457.34, 1
2014/09/05, 15:19:21, -41.406197, -71.573318, 970.88,  540.00, 198, 0, 406.72, 1
2014/09/05, 16:17:34, -41.405739, -71.572906, 949.01,  2052.00, 237, 0, 61.44, 1
2014/09/05, 16:48:13, -41.406479, -71.573349, 972.26,  2124.00, 52, 0, 90.20, 1
2014/09/05, 17:19:10, -41.406677, -71.570869, 1016.06,  2592.00, 53, 0, 208.00, 1
2014/09/05, 17:50:25, -41.406727, -71.570709, 951.13,  540.00, 115, 0, 14.46, 1
2014/09/05, 18:21:06, -41.406662, -71.570786, 979.86,  0.00, 144, 0, 9.67, 1
2014/09/05, 18:52:17, -41.406368, -71.570908, 998.15,  432.00, 306, 0, 34.24, 1
2014/09/05, 19:23:23, -41.406620, -71.570839, 956.18,  144.00, 245, 0, 28.61, 1
2014/09/05, 19:54:06, -41.406582, -71.570686, 983.46,  1044.00, 51, 0, 13.44, 1
2014/09/05, 20:53:09, -41.406784, -71.570709, 954.00,  1188.00, 38, 0, 22.54, 1
2014/09/05, 21:44:34, -41.406487, -71.570580, 955.26,  1620.00, 266, 0, 34.73, 1
2014/09/05, 22:49:34, -41.406364, -71.570862, 967.38,  540.00, 233, 0, 27.21, 1
2014/09/05, 23:52:26, -41.406326, -71.570847, 993.28,  1332.00, 210, -4, 4.41, 1
